state_id,state_key,action,action_idx,eligibility_infeasible,infeasible_rate,clinical_reason,inferred_probability,threshold_used,inferred_infeasible,match
1,0|1|2|3|0|1|0|0|0,Targeted,0,True,1.0,EGFR/ALK not eligible,0.6666666666666666,0.16,True,True
1,0|1|2|3|0|1|0|0|0,Immuno,1,False,0.0,allowed,0.0,0.16,False,True
1,0|1|2|3|0|1|0|0|0,Chemo,2,False,0.0,allowed,0.0,0.16,False,True
1,0|1|2|3|0|1|0|0|0,Surgery,3,True,1.0,allowed,0.0,0.16,False,False
2,6|1|2|3|0|1|0|0|0,Targeted,0,True,1.0,EGFR/ALK not eligible,0.6666666666666666,0.16,True,True
2,6|1|2|3|0|1|0|0|0,Immuno,1,False,0.0,allowed,0.0,0.16,False,True
2,6|1|2|3|0|1|0|0|0,Chemo,2,False,0.0,allowed,0.0,0.16,False,True
2,6|1|2|3|0|1|0|0|0,Surgery,3,True,1.0,not first-line month,0.6666666666666666,0.16,True,True
3,12|1|2|3|0|1|0|0|0,Targeted,0,True,1.0,EGFR/ALK not eligible,0.6666666666666666,0.16,True,True
3,12|1|2|3|0|1|0|0|0,Immuno,1,False,0.0,allowed,0.0,0.16,False,True
3,12|1|2|3|0|1|0|0|0,Chemo,2,False,0.0,allowed,0.0,0.16,False,True
3,12|1|2|3|0|1|0|0|0,Surgery,3,True,1.0,not first-line month,0.6666666666666666,0.16,True,True
4,18|1|2|1|0|1|0|0|0,Targeted,0,True,1.0,EGFR/ALK not eligible,0.6666666666666666,0.16,True,True
4,18|1|2|1|0|1|0|0|0,Immuno,1,False,0.0,allowed,0.0,0.16,False,True
4,18|1|2|1|0|1|0|0|0,Chemo,2,False,0.0,allowed,0.0,0.16,False,True
4,18|1|2|1|0|1|0|0|0,Surgery,3,True,1.0,not first-line month,0.6666666666666666,0.16,True,True
5,24|1|2|0|1|1|0|0|0,Targeted,0,True,1.0,EGFR/ALK not eligible,0.6666666666666666,0.16,True,True
5,24|1|2|0|1|1|0|0|0,Immuno,1,False,0.0,allowed,0.0,0.16,False,True
5,24|1|2|0|1|1|0|0|0,Chemo,2,False,0.0,allowed,0.0,0.16,False,True
5,24|1|2|0|1|1|0|0|0,Surgery,3,True,1.0,not first-line month,0.3333333333333333,0.16,True,True
6,0|3|1|3|0|1|1|0|0,Targeted,0,True,1.0,allowed,0.0,0.16,False,False
6,0|3|1|3|0|1|1|0|0,Immuno,1,True,1.0,allowed,0.0,0.16,False,False
6,0|3|1|3|0|1|1|0|0,Chemo,2,True,1.0,ECOG/perf_status > 2,0.0,0.16,False,False
6,0|3|1|3|0|1|1|0|0,Surgery,3,True,1.0,ECOG/perf_status > 2,0.3333333333333333,0.16,True,True
7,6|3|1|2|0|1|1|0|0,Targeted,0,True,1.0,allowed,0.0,0.16,False,False
7,6|3|1|2|0|1|1|0|0,Immuno,1,True,1.0,allowed,0.0,0.16,False,False
7,6|3|1|2|0|1|1|0|0,Chemo,2,True,1.0,ECOG/perf_status > 2,0.0,0.16,False,False
7,6|3|1|2|0|1|1|0|0,Surgery,3,True,1.0,not first-line month,0.3333333333333333,0.16,True,True
8,12|3|1|2|0|1|1|0|0,Targeted,0,True,1.0,allowed,0.0,0.16,False,False
8,12|3|1|2|0|1|1|0|0,Immuno,1,True,1.0,allowed,0.0,0.16,False,False
8,12|3|1|2|0|1|1|0|0,Chemo,2,True,1.0,ECOG/perf_status > 2,0.0,0.16,False,False
8,12|3|1|2|0|1|1|0|0,Surgery,3,True,1.0,not first-line month,0.3333333333333333,0.16,True,True
9,18|3|2|2|0|1|1|0|0,Targeted,0,True,1.0,allowed,0.0,0.16,False,False
9,18|3|2|2|0|1|1|0|0,Immuno,1,True,1.0,allowed,0.0,0.16,False,False
9,18|3|2|2|0|1|1|0|0,Chemo,2,True,1.0,ECOG/perf_status > 2,0.0,0.16,False,False
9,18|3|2|2|0|1|1|0|0,Surgery,3,True,1.0,not first-line month,0.3333333333333333,0.16,True,True
10,24|3|1|2|0|1|1|0|0,Targeted,0,True,1.0,allowed,0.0,0.16,False,False
10,24|3|1|2|0|1|1|0|0,Immuno,1,True,1.0,allowed,0.0,0.16,False,False
10,24|3|1|2|0|1|1|0|0,Chemo,2,True,1.0,ECOG/perf_status > 2,0.0,0.16,False,False
10,24|3|1|2|0|1|1|0|0,Surgery,3,True,1.0,not first-line month,0.3333333333333333,0.16,True,True
11,0|3|1|2|0|0|0|0|0,Targeted,0,True,1.0,EGFR/ALK not eligible,0.8333333333333334,0.16,True,True
11,0|3|1|2|0|0|0|0|0,Immuno,1,True,1.0,PD-L1 < 1%,0.8333333333333334,0.16,True,True
11,0|3|1|2|0|0|0|0|0,Chemo,2,True,1.0,ECOG/perf_status > 2,0.0,0.16,False,False
11,0|3|1|2|0|0|0|0|0,Surgery,3,True,1.0,ECOG/perf_status > 2,0.3333333333333333,0.16,True,True
12,6|3|1|3|0|0|0|0|0,Targeted,0,True,1.0,EGFR/ALK not eligible,0.8333333333333334,0.16,True,True
12,6|3|1|3|0|0|0|0|0,Immuno,1,True,1.0,PD-L1 < 1%,0.8333333333333334,0.16,True,True
12,6|3|1|3|0|0|0|0|0,Chemo,2,True,1.0,ECOG/perf_status > 2,0.0,0.16,False,False
12,6|3|1|3|0|0|0|0|0,Surgery,3,True,1.0,not first-line month,0.3333333333333333,0.16,True,True
13,12|3|1|3|0|0|0|0|0,Targeted,0,True,1.0,EGFR/ALK not eligible,0.8333333333333334,0.16,True,True
13,12|3|1|3|0|0|0|0|0,Immuno,1,True,1.0,PD-L1 < 1%,0.0,0.16,False,False
13,12|3|1|3|0|0|0|0|0,Chemo,2,True,1.0,ECOG/perf_status > 2,0.16666666666666666,0.16,True,True
13,12|3|1|3|0|0|0|0|0,Surgery,3,True,1.0,not first-line month,0.3333333333333333,0.16,True,True
14,18|3|1|2|0|0|0|0|0,Targeted,0,True,1.0,EGFR/ALK not eligible,0.8333333333333334,0.16,True,True
14,18|3|1|2|0|0|0|0|0,Immuno,1,True,1.0,PD-L1 < 1%,0.8333333333333334,0.16,True,True
14,18|3|1|2|0|0|0|0|0,Chemo,2,True,1.0,ECOG/perf_status > 2,0.0,0.16,False,False
14,18|3|1|2|0|0|0|0|0,Surgery,3,True,1.0,not first-line month,0.3333333333333333,0.16,True,True
15,24|3|1|2|0|0|0|0|0,Targeted,0,True,1.0,EGFR/ALK not eligible,0.8333333333333334,0.16,True,True
15,24|3|1|2|0|0|0|0|0,Immuno,1,True,1.0,PD-L1 < 1%,0.8333333333333334,0.16,True,True
15,24|3|1|2|0|0|0|0|0,Chemo,2,True,1.0,ECOG/perf_status > 2,0.0,0.16,False,False
15,24|3|1|2|0|0|0|0|0,Surgery,3,True,1.0,not first-line month,0.3333333333333333,0.16,True,True
16,0|2|1|3|0|0|0|1|0,Targeted,0,False,0.0,allowed,0.0,0.16,False,True
16,0|2|1|3|0|0|0|1|0,Immuno,1,True,1.0,PD-L1 < 1%,0.5,0.16,True,True
16,0|2|1|3|0|0|0|1|0,Chemo,2,False,0.0,allowed,0.0,0.16,False,True
16,0|2|1|3|0|0|0|1|0,Surgery,3,True,1.0,allowed,0.0,0.16,False,False
17,6|2|1|3|0|0|0|1|0,Targeted,0,False,0.0,allowed,0.0,0.16,False,True
17,6|2|1|3|0|0|0|1|0,Immuno,1,True,1.0,PD-L1 < 1%,0.5,0.16,True,True
17,6|2|1|3|0|0|0|1|0,Chemo,2,False,0.0,allowed,0.0,0.16,False,True
17,6|2|1|3|0|0|0|1|0,Surgery,3,True,1.0,not first-line month,0.5,0.16,True,True
18,12|2|2|4|0|0|0|1|0,Targeted,0,False,0.0,allowed,0.0,0.16,False,True
18,12|2|2|4|0|0|0|1|0,Immuno,1,True,1.0,PD-L1 < 1%,0.5,0.16,True,True
18,12|2|2|4|0|0|0|1|0,Chemo,2,False,0.0,allowed,0.0,0.16,False,True
18,12|2|2|4|0|0|0|1|0,Surgery,3,True,1.0,not first-line month,0.5,0.16,True,True
19,18|2|2|4|0|0|0|1|0,Targeted,0,False,0.0,allowed,0.0,0.16,False,True
19,18|2|2|4|0|0|0|1|0,Immuno,1,True,1.0,PD-L1 < 1%,0.5,0.16,True,True
19,18|2|2|4|0|0|0|1|0,Chemo,2,False,0.0,allowed,0.0,0.16,False,True
19,18|2|2|4|0|0|0|1|0,Surgery,3,True,1.0,not first-line month,0.5,0.16,True,True
20,24|2|2|4|0|0|0|1|0,Targeted,0,False,0.0,allowed,0.0,0.16,False,True
20,24|2|2|4|0|0|0|1|0,Immuno,1,True,1.0,PD-L1 < 1%,0.5,0.16,True,True
20,24|2|2|4|0|0|0|1|0,Chemo,2,False,0.0,allowed,0.0,0.16,False,True
20,24|2|2|4|0|0|0|1|0,Surgery,3,True,1.0,not first-line month,0.5,0.16,True,True
21,0|2|1|2|0|0|1|0|0,Targeted,0,False,0.0,allowed,0.0,0.16,False,True
21,0|2|1|2|0|0|1|0|0,Immuno,1,True,1.0,PD-L1 < 1%,0.5,0.16,True,True
21,0|2|1|2|0|0|1|0|0,Chemo,2,False,0.0,allowed,0.0,0.16,False,True
21,0|2|1|2|0|0|1|0|0,Surgery,3,True,1.0,allowed,0.0,0.16,False,False
22,6|2|1|3|0|0|1|0|0,Targeted,0,False,0.0,allowed,0.0,0.16,False,True
22,6|2|1|3|0|0|1|0|0,Immuno,1,True,1.0,PD-L1 < 1%,0.6666666666666666,0.16,True,True
22,6|2|1|3|0|0|1|0|0,Chemo,2,False,0.0,allowed,0.0,0.16,False,True
22,6|2|1|3|0|0|1|0|0,Surgery,3,True,1.0,not first-line month,0.6666666666666666,0.16,True,True
23,12|2|1|3|0|0|1|0|0,Targeted,0,False,0.0,allowed,0.0,0.16,False,True
23,12|2|1|3|0|0|1|0|0,Immuno,1,True,1.0,PD-L1 < 1%,0.5,0.16,True,True
23,12|2|1|3|0|0|1|0|0,Chemo,2,False,0.0,allowed,0.0,0.16,False,True
23,12|2|1|3|0|0|1|0|0,Surgery,3,True,1.0,not first-line month,0.5,0.16,True,True
24,18|2|1|3|0|0|1|0|0,Targeted,0,False,0.0,allowed,0.0,0.16,False,True
24,18|2|1|3|0|0|1|0|0,Immuno,1,True,1.0,PD-L1 < 1%,0.5,0.16,True,True
24,18|2|1|3|0|0|1|0|0,Chemo,2,False,0.0,allowed,0.0,0.16,False,True
24,18|2|1|3|0|0|1|0|0,Surgery,3,True,1.0,not first-line month,0.5,0.16,True,True
25,24|2|1|3|0|0|1|0|0,Targeted,0,False,0.0,allowed,0.0,0.16,False,True
25,24|2|1|3|0|0|1|0|0,Immuno,1,True,1.0,PD-L1 < 1%,0.5,0.16,True,True
25,24|2|1|3|0|0|1|0|0,Chemo,2,False,0.0,allowed,0.0,0.16,False,True
25,24|2|1|3|0|0|1|0|0,Surgery,3,True,1.0,not first-line month,0.5,0.16,True,True
26,0|1|1|3|0|2|0|0|0,Targeted,0,True,1.0,EGFR/ALK not eligible,0.8333333333333334,0.16,True,True
26,0|1|1|3|0|2|0|0|0,Immuno,1,False,0.0,allowed,0.0,0.16,False,True
26,0|1|1|3|0|2|0|0|0,Chemo,2,False,0.0,allowed,0.0,0.16,False,True
26,0|1|1|3|0|2|0|0|0,Surgery,3,True,1.0,allowed,0.0,0.16,False,False
27,6|1|1|2|0|2|0|0|0,Targeted,0,True,1.0,EGFR/ALK not eligible,0.8333333333333334,0.16,True,True
27,6|1|1|2|0|2|0|0|0,Immuno,1,False,0.0,allowed,0.0,0.16,False,True
27,6|1|1|2|0|2|0|0|0,Chemo,2,False,0.0,allowed,0.0,0.16,False,True
27,6|1|1|2|0|2|0|0|0,Surgery,3,True,1.0,not first-line month,0.8333333333333334,0.16,True,True
28,12|1|1|3|0|2|0|0|0,Targeted,0,True,1.0,EGFR/ALK not eligible,0.8333333333333334,0.16,True,True
28,12|1|1|3|0|2|0|0|0,Immuno,1,False,0.0,allowed,0.0,0.16,False,True
28,12|1|1|3|0|2|0|0|0,Chemo,2,False,0.0,allowed,0.0,0.16,False,True
28,12|1|1|3|0|2|0|0|0,Surgery,3,True,1.0,not first-line month,0.8333333333333334,0.16,True,True
29,18|1|1|3|0|2|0|0|0,Targeted,0,True,1.0,EGFR/ALK not eligible,0.8333333333333334,0.16,True,True
29,18|1|1|3|0|2|0|0|0,Immuno,1,False,0.0,allowed,0.0,0.16,False,True
29,18|1|1|3|0|2|0|0|0,Chemo,2,False,0.0,allowed,0.0,0.16,False,True
29,18|1|1|3|0|2|0|0|0,Surgery,3,True,1.0,not first-line month,0.8333333333333334,0.16,True,True
30,24|1|1|3|0|2|0|0|0,Targeted,0,True,1.0,EGFR/ALK not eligible,0.8333333333333334,0.16,True,True
30,24|1|1|3|0|2|0|0|0,Immuno,1,False,0.0,allowed,0.0,0.16,False,True
30,24|1|1|3|0|2|0|0|0,Chemo,2,False,0.0,allowed,0.0,0.16,False,True
30,24|1|1|3|0|2|0|0|0,Surgery,3,True,1.0,not first-line month,0.8333333333333334,0.16,True,True
31,0|1|2|3|0|2|1|0|0,Targeted,0,False,0.0,allowed,0.0,0.16,False,True
31,0|1|2|3|0|2|1|0|0,Immuno,1,False,0.0,allowed,0.0,0.16,False,True
31,0|1|2|3|0|2|1|0|0,Chemo,2,False,0.0,allowed,0.0,0.16,False,True
31,0|1|2|3|0|2|1|0|0,Surgery,3,True,1.0,allowed,0.0,0.16,False,False
32,6|1|2|2|0|2|1|0|0,Targeted,0,False,0.0,allowed,0.0,0.16,False,True
32,6|1|2|2|0|2|1|0|0,Immuno,1,False,0.0,allowed,0.0,0.16,False,True
32,6|1|2|2|0|2|1|0|0,Chemo,2,False,0.0,allowed,0.0,0.16,False,True
32,6|1|2|2|0|2|1|0|0,Surgery,3,True,1.0,not first-line month,0.5,0.16,True,True
33,12|1|2|2|0|2|1|0|0,Targeted,0,False,0.0,allowed,0.0,0.16,False,True
33,12|1|2|2|0|2|1|0|0,Immuno,1,False,0.0,allowed,0.0,0.16,False,True
33,12|1|2|2|0|2|1|0|0,Chemo,2,False,0.0,allowed,0.0,0.16,False,True
33,12|1|2|2|0|2|1|0|0,Surgery,3,True,1.0,not first-line month,0.5,0.16,True,True
34,18|1|2|2|0|2|1|0|0,Targeted,0,False,0.0,allowed,0.0,0.16,False,True
34,18|1|2|2|0|2|1|0|0,Immuno,1,False,0.0,allowed,0.0,0.16,False,True
34,18|1|2|2|0|2|1|0|0,Chemo,2,False,0.0,allowed,0.0,0.16,False,True
34,18|1|2|2|0|2|1|0|0,Surgery,3,True,1.0,not first-line month,0.5,0.16,True,True
35,24|1|2|2|0|2|1|0|0,Targeted,0,False,0.0,allowed,0.0,0.16,False,True
35,24|1|2|2|0|2|1|0|0,Immuno,1,False,0.0,allowed,0.0,0.16,False,True
35,24|1|2|2|0|2|1|0|0,Chemo,2,False,0.0,allowed,0.0,0.16,False,True
35,24|1|2|2|0|2|1|0|0,Surgery,3,True,1.0,not first-line month,0.5,0.16,True,True
36,0|2|1|2|0|2|1|0|0,Targeted,0,False,0.0,allowed,0.0,0.16,False,True
36,0|2|1|2|0|2|1|0|0,Immuno,1,False,0.0,allowed,0.0,0.16,False,True
36,0|2|1|2|0|2|1|0|0,Chemo,2,False,0.0,allowed,0.0,0.16,False,True
36,0|2|1|2|0|2|1|0|0,Surgery,3,True,1.0,allowed,0.0,0.16,False,False
37,6|2|1|3|0|2|1|0|0,Targeted,0,False,0.0,allowed,0.0,0.16,False,True
37,6|2|1|3|0|2|1|0|0,Immuno,1,False,0.0,allowed,0.0,0.16,False,True
37,6|2|1|3|0|2|1|0|0,Chemo,2,False,0.0,allowed,0.0,0.16,False,True
37,6|2|1|3|0|2|1|0|0,Surgery,3,True,1.0,not first-line month,0.3333333333333333,0.16,True,True
38,12|2|1|3|0|2|1|0|0,Targeted,0,False,0.0,allowed,0.0,0.16,False,True
38,12|2|1|3|0|2|1|0|0,Immuno,1,False,0.0,allowed,0.0,0.16,False,True
38,12|2|1|3|0|2|1|0|0,Chemo,2,False,0.0,allowed,0.0,0.16,False,True
38,12|2|1|3|0|2|1|0|0,Surgery,3,True,1.0,not first-line month,0.16666666666666666,0.16,True,True
39,18|2|1|0|1|2|1|0|0,Targeted,0,False,0.0,allowed,0.0,0.16,False,True
39,18|2|1|0|1|2|1|0|0,Immuno,1,False,0.0,allowed,0.0,0.16,False,True
39,18|2|1|0|1|2|1|0|0,Chemo,2,False,0.0,allowed,0.0,0.16,False,True
39,18|2|1|0|1|2|1|0|0,Surgery,3,True,1.0,not first-line month,0.16666666666666666,0.16,True,True
40,24|2|1|0|1|2|1|0|0,Targeted,0,False,0.0,allowed,0.0,0.16,False,True
40,24|2|1|0|1|2|1|0|0,Immuno,1,False,0.0,allowed,0.0,0.16,False,True
40,24|2|1|0|1|2|1|0|0,Chemo,2,False,0.0,allowed,0.0,0.16,False,True
40,24|2|1|0|1|2|1|0|0,Surgery,3,True,1.0,not first-line month,0.16666666666666666,0.16,True,True
41,0|3|2|2|0|0|0|0|0,Targeted,0,True,1.0,EGFR/ALK not eligible,0.8333333333333334,0.16,True,True
41,0|3|2|2|0|0|0|0|0,Immuno,1,True,1.0,PD-L1 < 1%,0.8333333333333334,0.16,True,True
41,0|3|2|2|0|0|0|0|0,Chemo,2,True,1.0,ECOG/perf_status > 2,0.0,0.16,False,False
41,0|3|2|2|0|0|0|0|0,Surgery,3,True,1.0,ECOG/perf_status > 2,0.3333333333333333,0.16,True,True
42,6|3|2|3|0|0|0|0|0,Targeted,0,True,1.0,EGFR/ALK not eligible,0.8333333333333334,0.16,True,True
42,6|3|2|3|0|0|0|0|0,Immuno,1,True,1.0,PD-L1 < 1%,0.16666666666666666,0.16,True,True
42,6|3|2|3|0|0|0|0|0,Chemo,2,True,1.0,ECOG/perf_status > 2,0.0,0.16,False,False
42,6|3|2|3|0|0|0|0|0,Surgery,3,True,1.0,not first-line month,0.3333333333333333,0.16,True,True
43,12|3|2|2|0|0|0|0|0,Targeted,0,True,1.0,EGFR/ALK not eligible,0.8333333333333334,0.16,True,True
43,12|3|2|2|0|0|0|0|0,Immuno,1,True,1.0,PD-L1 < 1%,0.8333333333333334,0.16,True,True
43,12|3|2|2|0|0|0|0|0,Chemo,2,True,1.0,ECOG/perf_status > 2,0.0,0.16,False,False
43,12|3|2|2|0|0|0|0|0,Surgery,3,True,1.0,not first-line month,0.3333333333333333,0.16,True,True
44,18|3|2|2|0|0|0|0|0,Targeted,0,True,1.0,EGFR/ALK not eligible,0.8333333333333334,0.16,True,True
44,18|3|2|2|0|0|0|0|0,Immuno,1,True,1.0,PD-L1 < 1%,0.8333333333333334,0.16,True,True
44,18|3|2|2|0|0|0|0|0,Chemo,2,True,1.0,ECOG/perf_status > 2,0.0,0.16,False,False
44,18|3|2|2|0|0|0|0|0,Surgery,3,True,1.0,not first-line month,0.3333333333333333,0.16,True,True
45,24|3|2|2|0|0|0|0|0,Targeted,0,True,1.0,EGFR/ALK not eligible,0.8333333333333334,0.16,True,True
45,24|3|2|2|0|0|0|0|0,Immuno,1,True,1.0,PD-L1 < 1%,0.8333333333333334,0.16,True,True
45,24|3|2|2|0|0|0|0|0,Chemo,2,True,1.0,ECOG/perf_status > 2,0.0,0.16,False,False
45,24|3|2|2|0|0|0|0|0,Surgery,3,True,1.0,not first-line month,0.3333333333333333,0.16,True,True
46,0|1|1|3|0|0|0|0|0,Targeted,0,True,1.0,EGFR/ALK not eligible,0.5,0.16,True,True
46,0|1|1|3|0|0|0|0|0,Immuno,1,True,1.0,PD-L1 < 1%,0.5,0.16,True,True
46,0|1|1|3|0|0|0|0|0,Chemo,2,False,0.0,allowed,0.0,0.16,False,True
46,0|1|1|3|0|0|0|0|0,Surgery,3,True,1.0,allowed,0.0,0.16,False,False
47,6|1|1|1|0|0|0|0|0,Targeted,0,True,1.0,EGFR/ALK not eligible,0.5,0.16,True,True
47,6|1|1|1|0|0|0|0|0,Immuno,1,True,1.0,PD-L1 < 1%,0.5,0.16,True,True
47,6|1|1|1|0|0|0|0|0,Chemo,2,False,0.0,allowed,0.0,0.16,False,True
47,6|1|1|1|0|0|0|0|0,Surgery,3,True,1.0,not first-line month,0.5,0.16,True,True
48,12|1|2|3|0|0|0|0|0,Targeted,0,True,1.0,EGFR/ALK not eligible,0.8333333333333334,0.16,True,True
48,12|1|2|3|0|0|0|0|0,Immuno,1,True,1.0,PD-L1 < 1%,0.3333333333333333,0.16,True,True
48,12|1|2|3|0|0|0|0|0,Chemo,2,False,0.0,allowed,0.0,0.16,False,True
48,12|1|2|3|0|0|0|0|0,Surgery,3,True,0.5,not first-line month,0.0,0.16,False,False
49,18|1|1|4|0|0|0|0|0,Targeted,0,True,1.0,EGFR/ALK not eligible,0.5,0.16,True,True
49,18|1|1|4|0|0|0|0|0,Immuno,1,True,1.0,PD-L1 < 1%,0.0,0.16,False,False
49,18|1|1|4|0|0|0|0|0,Chemo,2,False,0.0,allowed,0.0,0.16,False,True
49,18|1|1|4|0|0|0|0|0,Surgery,3,True,1.0,not first-line month,0.5,0.16,True,True
50,24|1|1|4|0|0|0|0|0,Targeted,0,True,1.0,EGFR/ALK not eligible,0.5,0.16,True,True
50,24|1|1|4|0|0|0|0|0,Immuno,1,True,1.0,PD-L1 < 1%,0.0,0.16,False,False
50,24|1|1|4|0|0|0|0|0,Chemo,2,False,0.0,allowed,0.0,0.16,False,True
50,24|1|1|4|0|0|0|0|0,Surgery,3,True,1.0,not first-line month,0.5,0.16,True,True
51,6|3|1|2|0|0|0|0|0,Targeted,0,True,1.0,EGFR/ALK not eligible,0.8333333333333334,0.16,True,True
51,6|3|1|2|0|0|0|0|0,Immuno,1,True,1.0,PD-L1 < 1%,0.8333333333333334,0.16,True,True
51,6|3|1|2|0|0|0|0|0,Chemo,2,True,1.0,ECOG/perf_status > 2,0.0,0.16,False,False
51,6|3|1|2|0|0|0|0|0,Surgery,3,True,1.0,not first-line month,0.3333333333333333,0.16,True,True
52,18|3|2|3|0|0|0|0|0,Targeted,0,True,1.0,EGFR/ALK not eligible,0.6666666666666666,0.16,True,True
52,18|3|2|3|0|0|0|0|0,Immuno,1,True,1.0,PD-L1 < 1%,0.0,0.16,False,False
52,18|3|2|3|0|0|0|0|0,Chemo,2,True,1.0,ECOG/perf_status > 2,0.16666666666666666,0.16,True,True
52,18|3|2|3|0|0|0|0|0,Surgery,3,True,1.0,not first-line month,0.16666666666666666,0.16,True,True
53,24|3|1|3|0|0|0|0|0,Targeted,0,True,1.0,EGFR/ALK not eligible,0.8333333333333334,0.16,True,True
53,24|3|1|3|0|0|0|0|0,Immuno,1,True,1.0,PD-L1 < 1%,0.0,0.16,False,False
53,24|3|1|3|0|0|0|0|0,Chemo,2,True,1.0,ECOG/perf_status > 2,0.16666666666666666,0.16,True,True
53,24|3|1|3|0|0|0|0|0,Surgery,3,True,1.0,not first-line month,0.16666666666666666,0.16,True,True
54,0|2|2|2|0|1|0|0|0,Targeted,0,True,1.0,EGFR/ALK not eligible,0.6666666666666666,0.16,True,True
54,0|2|2|2|0|1|0|0|0,Immuno,1,False,0.0,allowed,0.0,0.16,False,True
54,0|2|2|2|0|1|0|0|0,Chemo,2,False,0.0,allowed,0.0,0.16,False,True
54,0|2|2|2|0|1|0|0|0,Surgery,3,True,1.0,allowed,0.0,0.16,False,False
55,6|2|2|3|0|1|0|0|0,Targeted,0,True,1.0,EGFR/ALK not eligible,0.6666666666666666,0.16,True,True
55,6|2|2|3|0|1|0|0|0,Immuno,1,False,0.0,allowed,0.0,0.16,False,True
55,6|2|2|3|0|1|0|0|0,Chemo,2,False,0.0,allowed,0.0,0.16,False,True
55,6|2|2|3|0|1|0|0|0,Surgery,3,True,1.0,not first-line month,0.6666666666666666,0.16,True,True
56,12|2|2|3|0|1|0|0|0,Targeted,0,True,1.0,EGFR/ALK not eligible,0.6666666666666666,0.16,True,True
56,12|2|2|3|0|1|0|0|0,Immuno,1,False,0.0,allowed,0.0,0.16,False,True
56,12|2|2|3|0|1|0|0|0,Chemo,2,False,0.0,allowed,0.0,0.16,False,True
56,12|2|2|3|0|1|0|0|0,Surgery,3,True,1.0,not first-line month,0.6666666666666666,0.16,True,True
57,18|2|2|3|0|1|0|0|0,Targeted,0,True,1.0,EGFR/ALK not eligible,0.5,0.16,True,True
57,18|2|2|3|0|1|0|0|0,Immuno,1,False,0.0,allowed,0.0,0.16,False,True
57,18|2|2|3|0|1|0|0|0,Chemo,2,False,0.0,allowed,0.0,0.16,False,True
57,18|2|2|3|0|1|0|0|0,Surgery,3,True,1.0,not first-line month,0.5,0.16,True,True
58,24|2|2|3|0|1|0|0|0,Targeted,0,True,1.0,EGFR/ALK not eligible,0.6666666666666666,0.16,True,True
58,24|2|2|3|0|1|0|0|0,Immuno,1,False,0.0,allowed,0.0,0.16,False,True
58,24|2|2|3|0|1|0|0|0,Chemo,2,False,0.0,allowed,0.0,0.16,False,True
58,24|2|2|3|0|1|0|0|0,Surgery,3,True,1.0,not first-line month,0.6666666666666666,0.16,True,True
59,0|3|2|2|0|2|0|0|0,Targeted,0,True,1.0,EGFR/ALK not eligible,0.8333333333333334,0.16,True,True
59,0|3|2|2|0|2|0|0|0,Immuno,1,True,1.0,allowed,0.0,0.16,False,False
59,0|3|2|2|0|2|0|0|0,Chemo,2,True,1.0,ECOG/perf_status > 2,0.0,0.16,False,False
59,0|3|2|2|0|2|0|0|0,Surgery,3,True,1.0,ECOG/perf_status > 2,0.3333333333333333,0.16,True,True
60,6|3|1|2|0|2|0|0|0,Targeted,0,True,1.0,EGFR/ALK not eligible,0.8333333333333334,0.16,True,True
60,6|3|1|2|0|2|0|0|0,Immuno,1,True,1.0,allowed,0.0,0.16,False,False
60,6|3|1|2|0|2|0|0|0,Chemo,2,True,1.0,ECOG/perf_status > 2,0.0,0.16,False,False
60,6|3|1|2|0|2|0|0|0,Surgery,3,True,1.0,not first-line month,0.3333333333333333,0.16,True,True
61,12|3|2|0|1|2|0|0|0,Targeted,0,True,1.0,EGFR/ALK not eligible,0.6666666666666666,0.16,True,True
61,12|3|2|0|1|2|0|0|0,Immuno,1,True,1.0,allowed,0.0,0.16,False,False
61,12|3|2|0|1|2|0|0|0,Chemo,2,True,1.0,ECOG/perf_status > 2,0.0,0.16,False,False
61,12|3|2|0|1|2|0|0|0,Surgery,3,True,1.0,not first-line month,0.5,0.16,True,True
62,18|3|1|0|1|2|0|0|0,Targeted,0,True,1.0,EGFR/ALK not eligible,0.6666666666666666,0.16,True,True
62,18|3|1|0|1|2|0|0|0,Immuno,1,True,1.0,allowed,0.0,0.16,False,False
62,18|3|1|0|1|2|0|0|0,Chemo,2,True,1.0,ECOG/perf_status > 2,0.0,0.16,False,False
62,18|3|1|0|1|2|0|0|0,Surgery,3,True,1.0,not first-line month,0.5,0.16,True,True
63,24|3|1|0|1|2|0|0|0,Targeted,0,True,1.0,EGFR/ALK not eligible,0.6666666666666666,0.16,True,True
63,24|3|1|0|1|2|0|0|0,Immuno,1,True,1.0,allowed,0.0,0.16,False,False
63,24|3|1|0|1|2|0|0|0,Chemo,2,True,1.0,ECOG/perf_status > 2,0.0,0.16,False,False
63,24|3|1|0|1|2|0|0|0,Surgery,3,True,1.0,not first-line month,0.5,0.16,True,True
64,0|2|2|2|0|0|0|0|0,Targeted,0,True,1.0,EGFR/ALK not eligible,0.8333333333333334,0.16,True,True
64,0|2|2|2|0|0|0|0|0,Immuno,1,True,1.0,PD-L1 < 1%,0.8333333333333334,0.16,True,True
64,0|2|2|2|0|0|0|0|0,Chemo,2,False,0.0,allowed,0.0,0.16,False,True
64,0|2|2|2|0|0|0|0|0,Surgery,3,True,1.0,allowed,0.0,0.16,False,False
65,6|2|2|3|0|0|0|0|0,Targeted,0,True,1.0,EGFR/ALK not eligible,0.6666666666666666,0.16,True,True
65,6|2|2|3|0|0|0|0|0,Immuno,1,True,1.0,PD-L1 < 1%,0.3333333333333333,0.16,True,True
65,6|2|2|3|0|0|0|0|0,Chemo,2,False,0.0,allowed,0.0,0.16,False,True
65,6|2|2|3|0|0|0|0|0,Surgery,3,True,1.0,not first-line month,0.6666666666666666,0.16,True,True
66,12|2|2|3|0|0|0|0|0,Targeted,0,True,1.0,EGFR/ALK not eligible,0.8333333333333334,0.16,True,True
66,12|2|2|3|0|0|0|0|0,Immuno,1,True,1.0,PD-L1 < 1%,0.0,0.16,False,False
66,12|2|2|3|0|0|0|0|0,Chemo,2,False,0.0,allowed,0.0,0.16,False,True
66,12|2|2|3|0|0|0|0|0,Surgery,3,True,1.0,not first-line month,0.8333333333333334,0.16,True,True
67,18|2|2|2|0|0|0|0|0,Targeted,0,True,1.0,EGFR/ALK not eligible,0.6666666666666666,0.16,True,True
67,18|2|2|2|0|0|0|0|0,Immuno,1,True,1.0,PD-L1 < 1%,0.6666666666666666,0.16,True,True
67,18|2|2|2|0|0|0|0|0,Chemo,2,False,0.0,allowed,0.0,0.16,False,True
67,18|2|2|2|0|0|0|0|0,Surgery,3,True,1.0,not first-line month,0.6666666666666666,0.16,True,True
68,24|2|2|2|0|0|0|0|0,Targeted,0,True,1.0,EGFR/ALK not eligible,0.6666666666666666,0.16,True,True
68,24|2|2|2|0|0|0|0|0,Immuno,1,True,1.0,PD-L1 < 1%,0.6666666666666666,0.16,True,True
68,24|2|2|2|0|0|0|0|0,Chemo,2,False,0.0,allowed,0.0,0.16,False,True
68,24|2|2|2|0|0|0|0|0,Surgery,3,True,1.0,not first-line month,0.6666666666666666,0.16,True,True
69,0|1|1|2|0|1|1|0|0,Targeted,0,False,0.0,allowed,0.0,0.16,False,True
69,0|1|1|2|0|1|1|0|0,Immuno,1,False,0.0,allowed,0.0,0.16,False,True
69,0|1|1|2|0|1|1|0|0,Chemo,2,False,0.0,allowed,0.0,0.16,False,True
69,0|1|1|2|0|1|1|0|0,Surgery,3,True,1.0,allowed,0.0,0.16,False,False
70,6|1|1|3|0|1|1|0|0,Targeted,0,False,0.0,allowed,0.0,0.16,False,True
70,6|1|1|3|0|1|1|0|0,Immuno,1,False,0.0,allowed,0.0,0.16,False,True
70,6|1|1|3|0|1|1|0|0,Chemo,2,False,0.0,allowed,0.0,0.16,False,True
70,6|1|1|3|0|1|1|0|0,Surgery,3,True,1.0,not first-line month,0.8333333333333334,0.16,True,True
71,12|1|1|3|0|1|1|0|0,Targeted,0,False,0.0,allowed,0.0,0.16,False,True
71,12|1|1|3|0|1|1|0|0,Immuno,1,False,0.0,allowed,0.0,0.16,False,True
71,12|1|1|3|0|1|1|0|0,Chemo,2,False,0.0,allowed,0.0,0.16,False,True
71,12|1|1|3|0|1|1|0|0,Surgery,3,True,1.0,not first-line month,0.5,0.16,True,True
72,18|1|2|3|0|1|1|0|0,Targeted,0,False,0.0,allowed,0.0,0.16,False,True
72,18|1|2|3|0|1|1|0|0,Immuno,1,False,0.0,allowed,0.0,0.16,False,True
72,18|1|2|3|0|1|1|0|0,Chemo,2,False,0.0,allowed,0.0,0.16,False,True
72,18|1|2|3|0|1|1|0|0,Surgery,3,True,1.0,not first-line month,0.5,0.16,True,True
73,24|1|1|4|0|1|1|0|0,Targeted,0,False,0.0,allowed,0.0,0.16,False,True
73,24|1|1|4|0|1|1|0|0,Immuno,1,False,0.0,allowed,0.0,0.16,False,True
73,24|1|1|4|0|1|1|0|0,Chemo,2,False,0.0,allowed,0.0,0.16,False,True
73,24|1|1|4|0|1|1|0|0,Surgery,3,True,1.0,not first-line month,0.5,0.16,True,True
74,0|1|2|2|0|0|0|0|0,Targeted,0,True,1.0,EGFR/ALK not eligible,0.8333333333333334,0.16,True,True
74,0|1|2|2|0|0|0|0|0,Immuno,1,True,1.0,PD-L1 < 1%,0.8333333333333334,0.16,True,True
74,0|1|2|2|0|0|0|0|0,Chemo,2,False,0.0,allowed,0.0,0.16,False,True
74,0|1|2|2|0|0|0|0|0,Surgery,3,True,1.0,allowed,0.0,0.16,False,False
75,6|1|2|3|0|0|0|0|0,Targeted,0,True,1.0,EGFR/ALK not eligible,0.8333333333333334,0.16,True,True
75,6|1|2|3|0|0|0|0|0,Immuno,1,True,1.0,PD-L1 < 1%,0.16666666666666666,0.16,True,True
75,6|1|2|3|0|0|0|0|0,Chemo,2,False,0.0,allowed,0.0,0.16,False,True
75,6|1|2|3|0|0|0|0|0,Surgery,3,True,1.0,not first-line month,0.6666666666666666,0.16,True,True
76,12|1|2|2|0|0|0|0|0,Targeted,0,True,1.0,EGFR/ALK not eligible,0.8333333333333334,0.16,True,True
76,12|1|2|2|0|0|0|0|0,Immuno,1,True,1.0,PD-L1 < 1%,0.8333333333333334,0.16,True,True
76,12|1|2|2|0|0|0|0|0,Chemo,2,False,0.0,allowed,0.0,0.16,False,True
76,12|1|2|2|0|0|0|0|0,Surgery,3,True,1.0,not first-line month,0.8333333333333334,0.16,True,True
77,18|1|2|2|0|0|0|0|0,Targeted,0,True,1.0,EGFR/ALK not eligible,0.8333333333333334,0.16,True,True
77,18|1|2|2|0|0|0|0|0,Immuno,1,True,1.0,PD-L1 < 1%,0.8333333333333334,0.16,True,True
77,18|1|2|2|0|0|0|0|0,Chemo,2,False,0.0,allowed,0.0,0.16,False,True
77,18|1|2|2|0|0|0|0|0,Surgery,3,True,1.0,not first-line month,0.8333333333333334,0.16,True,True
78,24|1|2|2|0|0|0|0|0,Targeted,0,True,1.0,EGFR/ALK not eligible,0.8333333333333334,0.16,True,True
78,24|1|2|2|0|0|0|0|0,Immuno,1,True,1.0,PD-L1 < 1%,0.8333333333333334,0.16,True,True
78,24|1|2|2|0|0|0|0|0,Chemo,2,False,0.0,allowed,0.0,0.16,False,True
78,24|1|2|2|0|0|0|0|0,Surgery,3,True,1.0,not first-line month,0.8333333333333334,0.16,True,True
79,0|2|1|2|0|3|0|0|0,Targeted,0,True,1.0,EGFR/ALK not eligible,0.6666666666666666,0.16,True,True
79,0|2|1|2|0|3|0|0|0,Immuno,1,False,0.0,allowed,0.0,0.16,False,True
79,0|2|1|2|0|3|0|0|0,Chemo,2,False,0.0,allowed,0.0,0.16,False,True
79,0|2|1|2|0|3|0|0|0,Surgery,3,True,1.0,allowed,0.0,0.16,False,False
80,6|2|1|2|0|3|0|0|0,Targeted,0,True,1.0,EGFR/ALK not eligible,0.6666666666666666,0.16,True,True
80,6|2|1|2|0|3|0|0|0,Immuno,1,False,0.0,allowed,0.0,0.16,False,True
80,6|2|1|2|0|3|0|0|0,Chemo,2,False,0.0,allowed,0.0,0.16,False,True
80,6|2|1|2|0|3|0|0|0,Surgery,3,True,1.0,not first-line month,0.6666666666666666,0.16,True,True
81,12|2|1|1|0|3|0|0|0,Targeted,0,True,1.0,EGFR/ALK not eligible,0.6666666666666666,0.16,True,True
81,12|2|1|1|0|3|0|0|0,Immuno,1,False,0.0,allowed,0.0,0.16,False,True
81,12|2|1|1|0|3|0|0|0,Chemo,2,False,0.0,allowed,0.0,0.16,False,True
81,12|2|1|1|0|3|0|0|0,Surgery,3,True,1.0,not first-line month,0.6666666666666666,0.16,True,True
82,18|2|1|2|0|3|0|0|0,Targeted,0,True,1.0,EGFR/ALK not eligible,0.6666666666666666,0.16,True,True
82,18|2|1|2|0|3|0|0|0,Immuno,1,False,0.0,allowed,0.0,0.16,False,True
82,18|2|1|2|0|3|0|0|0,Chemo,2,False,0.0,allowed,0.0,0.16,False,True
82,18|2|1|2|0|3|0|0|0,Surgery,3,True,1.0,not first-line month,0.6666666666666666,0.16,True,True
83,24|2|1|0|1|3|0|0|0,Targeted,0,True,1.0,EGFR/ALK not eligible,0.6666666666666666,0.16,True,True
83,24|2|1|0|1|3|0|0|0,Immuno,1,False,0.0,allowed,0.0,0.16,False,True
83,24|2|1|0|1|3|0|0|0,Chemo,2,False,0.0,allowed,0.0,0.16,False,True
83,24|2|1|0|1|3|0|0|0,Surgery,3,True,1.0,not first-line month,0.3333333333333333,0.16,True,True
84,0|1|1|2|0|1|0|0|0,Targeted,0,True,1.0,EGFR/ALK not eligible,0.5,0.16,True,True
84,0|1|1|2|0|1|0|0|0,Immuno,1,False,0.0,allowed,0.0,0.16,False,True
84,0|1|1|2|0|1|0|0|0,Chemo,2,False,0.0,allowed,0.0,0.16,False,True
84,0|1|1|2|0|1|0|0|0,Surgery,3,True,1.0,allowed,0.0,0.16,False,False
85,18|1|2|0|1|1|0|0|0,Targeted,0,True,1.0,EGFR/ALK not eligible,0.3333333333333333,0.16,True,True
85,18|1|2|0|1|1|0|0|0,Immuno,1,False,0.0,allowed,0.0,0.16,False,True
85,18|1|2|0|1|1|0|0|0,Chemo,2,False,0.0,allowed,0.0,0.16,False,True
85,18|1|2|0|1|1|0|0|0,Surgery,3,True,1.0,not first-line month,0.16666666666666666,0.16,True,True
86,6|1|1|3|0|1|0|0|0,Targeted,0,True,1.0,EGFR/ALK not eligible,0.5,0.16,True,True
86,6|1|1|3|0|1|0|0|0,Immuno,1,False,0.0,allowed,0.0,0.16,False,True
86,6|1|1|3|0|1|0|0|0,Chemo,2,False,0.0,allowed,0.0,0.16,False,True
86,6|1|1|3|0|1|0|0|0,Surgery,3,True,1.0,not first-line month,0.5,0.16,True,True
87,12|1|1|2|0|1|0|0|0,Targeted,0,True,1.0,EGFR/ALK not eligible,0.5,0.16,True,True
87,12|1|1|2|0|1|0|0|0,Immuno,1,False,0.0,allowed,0.0,0.16,False,True
87,12|1|1|2|0|1|0|0|0,Chemo,2,False,0.0,allowed,0.0,0.16,False,True
87,12|1|1|2|0|1|0|0|0,Surgery,3,True,1.0,not first-line month,0.5,0.16,True,True
88,18|1|1|2|0|1|0|0|0,Targeted,0,True,1.0,EGFR/ALK not eligible,0.5,0.16,True,True
88,18|1|1|2|0|1|0|0|0,Immuno,1,False,0.0,allowed,0.0,0.16,False,True
88,18|1|1|2|0|1|0|0|0,Chemo,2,False,0.0,allowed,0.0,0.16,False,True
88,18|1|1|2|0|1|0|0|0,Surgery,3,True,1.0,not first-line month,0.5,0.16,True,True
89,24|1|1|2|0|1|0|0|0,Targeted,0,True,1.0,EGFR/ALK not eligible,0.5,0.16,True,True
89,24|1|1|2|0|1|0|0|0,Immuno,1,False,0.0,allowed,0.0,0.16,False,True
89,24|1|1|2|0|1|0|0|0,Chemo,2,False,0.0,allowed,0.0,0.16,False,True
89,24|1|1|2|0|1|0|0|0,Surgery,3,True,1.0,not first-line month,0.5,0.16,True,True
90,12|3|1|4|0|0|0|0|0,Targeted,0,True,1.0,EGFR/ALK not eligible,0.6666666666666666,0.16,True,True
90,12|3|1|4|0|0|0|0|0,Immuno,1,True,1.0,PD-L1 < 1%,0.0,0.16,False,False
90,12|3|1|4|0|0|0|0|0,Chemo,2,True,1.0,ECOG/perf_status > 2,0.16666666666666666,0.16,True,True
90,12|3|1|4|0|0|0|0|0,Surgery,3,True,1.0,not first-line month,0.16666666666666666,0.16,True,True
91,18|3|1|3|0|0|0|0|0,Targeted,0,True,1.0,EGFR/ALK not eligible,0.6666666666666666,0.16,True,True
91,18|3|1|3|0|0|0|0|0,Immuno,1,True,1.0,PD-L1 < 1%,0.0,0.16,False,False
91,18|3|1|3|0|0|0|0|0,Chemo,2,True,1.0,ECOG/perf_status > 2,0.16666666666666666,0.16,True,True
91,18|3|1|3|0|0|0|0|0,Surgery,3,True,1.0,not first-line month,0.16666666666666666,0.16,True,True
92,24|3|2|3|0|0|0|0|0,Targeted,0,True,1.0,EGFR/ALK not eligible,0.6666666666666666,0.16,True,True
92,24|3|2|3|0|0|0|0|0,Immuno,1,True,1.0,PD-L1 < 1%,0.0,0.16,False,False
92,24|3|2|3|0|0|0|0|0,Chemo,2,True,1.0,ECOG/perf_status > 2,0.16666666666666666,0.16,True,True
92,24|3|2|3|0|0|0|0|0,Surgery,3,True,1.0,not first-line month,0.16666666666666666,0.16,True,True
93,0|0|2|2|0|0|0|0|0,Targeted,0,True,1.0,EGFR/ALK not eligible,0.8333333333333334,0.16,True,True
93,0|0|2|2|0|0|0|0|0,Immuno,1,True,1.0,PD-L1 < 1%,0.8333333333333334,0.16,True,True
93,0|0|2|2|0|0|0|0|0,Chemo,2,False,0.0,allowed,0.0,0.16,False,True
93,0|0|2|2|0|0|0|0|0,Surgery,3,True,1.0,allowed,0.0,0.16,False,False
94,6|0|2|2|0|0|0|0|0,Targeted,0,True,1.0,EGFR/ALK not eligible,0.8333333333333334,0.16,True,True
94,6|0|2|2|0|0|0|0|0,Immuno,1,True,1.0,PD-L1 < 1%,0.8333333333333334,0.16,True,True
94,6|0|2|2|0|0|0|0|0,Chemo,2,False,0.0,allowed,0.0,0.16,False,True
94,6|0|2|2|0|0|0|0|0,Surgery,3,True,1.0,not first-line month,1.0,0.16,True,True
95,12|0|2|2|0|0|0|0|0,Targeted,0,True,1.0,EGFR/ALK not eligible,0.8333333333333334,0.16,True,True
95,12|0|2|2|0|0|0|0|0,Immuno,1,True,1.0,PD-L1 < 1%,0.8333333333333334,0.16,True,True
95,12|0|2|2|0|0|0|0|0,Chemo,2,False,0.0,allowed,0.0,0.16,False,True
95,12|0|2|2|0|0|0|0|0,Surgery,3,True,1.0,not first-line month,1.0,0.16,True,True
96,18|0|2|0|1|0|0|0|0,Targeted,0,True,1.0,EGFR/ALK not eligible,0.5,0.16,True,True
96,18|0|2|0|1|0|0|0|0,Immuno,1,True,1.0,PD-L1 < 1%,0.5,0.16,True,True
96,18|0|2|0|1|0|0|0|0,Chemo,2,False,0.0,allowed,0.0,0.16,False,True
96,18|0|2|0|1|0|0|0|0,Surgery,3,True,1.0,not first-line month,0.5,0.16,True,True
97,24|0|2|0|1|0|0|0|0,Targeted,0,True,1.0,EGFR/ALK not eligible,0.5,0.16,True,True
97,24|0|2|0|1|0|0|0|0,Immuno,1,True,1.0,PD-L1 < 1%,0.5,0.16,True,True
97,24|0|2|0|1|0|0|0|0,Chemo,2,False,0.0,allowed,0.0,0.16,False,True
97,24|0|2|0|1|0|0|0|0,Surgery,3,True,1.0,not first-line month,0.5,0.16,True,True
98,0|2|2|3|0|2|1|0|0,Targeted,0,False,0.0,allowed,0.0,0.16,False,True
98,0|2|2|3|0|2|1|0|0,Immuno,1,False,0.0,allowed,0.0,0.16,False,True
98,0|2|2|3|0|2|1|0|0,Chemo,2,False,0.0,allowed,0.0,0.16,False,True
98,0|2|2|3|0|2|1|0|0,Surgery,3,True,1.0,allowed,0.0,0.16,False,False
99,6|2|2|3|0|2|1|0|0,Targeted,0,False,0.0,allowed,0.0,0.16,False,True
99,6|2|2|3|0|2|1|0|0,Immuno,1,False,0.0,allowed,0.0,0.16,False,True
99,6|2|2|3|0|2|1|0|0,Chemo,2,False,0.0,allowed,0.0,0.16,False,True
99,6|2|2|3|0|2|1|0|0,Surgery,3,True,1.0,not first-line month,0.6666666666666666,0.16,True,True
100,12|2|2|3|0|2|1|0|0,Targeted,0,False,0.0,allowed,0.0,0.16,False,True
100,12|2|2|3|0|2|1|0|0,Immuno,1,False,0.0,allowed,0.0,0.16,False,True
100,12|2|2|3|0|2|1|0|0,Chemo,2,False,0.0,allowed,0.0,0.16,False,True
100,12|2|2|3|0|2|1|0|0,Surgery,3,True,1.0,not first-line month,0.6666666666666666,0.16,True,True
101,18|2|1|3|0|2|1|0|0,Targeted,0,False,0.0,allowed,0.0,0.16,False,True
101,18|2|1|3|0|2|1|0|0,Immuno,1,False,0.0,allowed,0.0,0.16,False,True
101,18|2|1|3|0|2|1|0|0,Chemo,2,False,0.0,allowed,0.0,0.16,False,True
101,18|2|1|3|0|2|1|0|0,Surgery,3,True,1.0,not first-line month,0.6666666666666666,0.16,True,True
102,24|2|2|3|0|2|1|0|0,Targeted,0,False,0.0,allowed,0.0,0.16,False,True
102,24|2|2|3|0|2|1|0|0,Immuno,1,False,0.0,allowed,0.0,0.16,False,True
102,24|2|2|3|0|2|1|0|0,Chemo,2,False,0.0,allowed,0.0,0.16,False,True
102,24|2|2|3|0|2|1|0|0,Surgery,3,True,1.0,not first-line month,0.6666666666666666,0.16,True,True
103,0|0|2|1|0|0|0|0|0,Targeted,0,True,1.0,EGFR/ALK not eligible,0.8333333333333334,0.16,True,True
103,0|0|2|1|0|0|0|0|0,Immuno,1,True,1.0,PD-L1 < 1%,0.8333333333333334,0.16,True,True
103,0|0|2|1|0|0|0|0|0,Chemo,2,False,0.0,allowed,0.0,0.16,False,True
103,0|0|2|1|0|0|0|0|0,Surgery,3,False,0.0,allowed,0.0,0.16,False,True
104,6|0|2|1|0|0|0|0|0,Targeted,0,True,1.0,EGFR/ALK not eligible,0.6666666666666666,0.16,True,True
104,6|0|2|1|0|0|0|0|0,Immuno,1,True,1.0,PD-L1 < 1%,0.6666666666666666,0.16,True,True
104,6|0|2|1|0|0|0|0|0,Chemo,2,False,0.0,allowed,0.0,0.16,False,True
104,6|0|2|1|0|0|0|0|0,Surgery,3,False,0.0,allowed,0.0,0.16,False,True
105,12|0|2|3|0|0|0|0|0,Targeted,0,True,1.0,EGFR/ALK not eligible,0.6666666666666666,0.16,True,True
105,12|0|2|3|0|0|0|0|0,Immuno,1,True,1.0,PD-L1 < 1%,0.6666666666666666,0.16,True,True
105,12|0|2|3|0|0|0|0|0,Chemo,2,False,0.0,allowed,0.0,0.16,False,True
105,12|0|2|3|0|0|0|0|0,Surgery,3,False,0.0,allowed,0.0,0.16,False,True
106,18|0|2|3|0|0|0|0|0,Targeted,0,True,1.0,EGFR/ALK not eligible,0.6666666666666666,0.16,True,True
106,18|0|2|3|0|0|0|0|0,Immuno,1,True,1.0,PD-L1 < 1%,0.6666666666666666,0.16,True,True
106,18|0|2|3|0|0|0|0|0,Chemo,2,False,0.0,allowed,0.0,0.16,False,True
106,18|0|2|3|0|0|0|0|0,Surgery,3,False,0.0,allowed,0.0,0.16,False,True
107,24|0|2|4|0|0|0|0|0,Targeted,0,True,1.0,EGFR/ALK not eligible,0.6666666666666666,0.16,True,True
107,24|0|2|4|0|0|0|0|0,Immuno,1,True,1.0,PD-L1 < 1%,0.6666666666666666,0.16,True,True
107,24|0|2|4|0|0|0|0|0,Chemo,2,False,0.0,allowed,0.0,0.16,False,True
107,24|0|2|4|0|0|0|0|0,Surgery,3,False,0.0,allowed,0.0,0.16,False,True
108,0|3|1|2|0|1|1|0|0,Targeted,0,True,1.0,allowed,0.0,0.16,False,False
108,0|3|1|2|0|1|1|0|0,Immuno,1,True,1.0,allowed,0.0,0.16,False,False
108,0|3|1|2|0|1|1|0|0,Chemo,2,True,1.0,ECOG/perf_status > 2,0.0,0.16,False,False
108,0|3|1|2|0|1|1|0|0,Surgery,3,True,1.0,ECOG/perf_status > 2,0.16666666666666666,0.16,True,True
109,6|3|1|3|0|1|1|0|0,Targeted,0,True,1.0,allowed,0.0,0.16,False,False
109,6|3|1|3|0|1|1|0|0,Immuno,1,True,1.0,allowed,0.0,0.16,False,False
109,6|3|1|3|0|1|1|0|0,Chemo,2,True,1.0,ECOG/perf_status > 2,0.0,0.16,False,False
109,6|3|1|3|0|1|1|0|0,Surgery,3,True,1.0,not first-line month,0.16666666666666666,0.16,True,True
110,18|3|1|2|0|1|1|0|0,Targeted,0,True,1.0,allowed,0.0,0.16,False,False
110,18|3|1|2|0|1|1|0|0,Immuno,1,True,1.0,allowed,0.0,0.16,False,False
110,18|3|1|2|0|1|1|0|0,Chemo,2,True,1.0,ECOG/perf_status > 2,0.0,0.16,False,False
110,18|3|1|2|0|1|1|0|0,Surgery,3,True,1.0,not first-line month,0.16666666666666666,0.16,True,True
111,0|3|1|3|0|0|1|0|0,Targeted,0,True,1.0,allowed,0.0,0.16,False,False
111,0|3|1|3|0|0|1|0|0,Immuno,1,True,1.0,PD-L1 < 1%,0.8333333333333334,0.16,True,True
111,0|3|1|3|0|0|1|0|0,Chemo,2,True,1.0,ECOG/perf_status > 2,0.0,0.16,False,False
111,0|3|1|3|0|0|1|0|0,Surgery,3,True,1.0,ECOG/perf_status > 2,0.3333333333333333,0.16,True,True
112,6|3|1|3|0|0|1|0|0,Targeted,0,True,1.0,allowed,0.0,0.16,False,False
112,6|3|1|3|0|0|1|0|0,Immuno,1,True,1.0,PD-L1 < 1%,0.6666666666666666,0.16,True,True
112,6|3|1|3|0|0|1|0|0,Chemo,2,True,1.0,ECOG/perf_status > 2,0.0,0.16,False,False
112,6|3|1|3|0|0|1|0|0,Surgery,3,True,1.0,not first-line month,0.16666666666666666,0.16,True,True
113,12|3|1|2|0|0|1|0|0,Targeted,0,True,1.0,allowed,0.0,0.16,False,False
113,12|3|1|2|0|0|1|0|0,Immuno,1,True,1.0,PD-L1 < 1%,0.6666666666666666,0.16,True,True
113,12|3|1|2|0|0|1|0|0,Chemo,2,True,1.0,ECOG/perf_status > 2,0.0,0.16,False,False
113,12|3|1|2|0|0|1|0|0,Surgery,3,True,1.0,not first-line month,0.16666666666666666,0.16,True,True
114,18|3|1|2|0|0|1|0|0,Targeted,0,True,1.0,allowed,0.0,0.16,False,False
114,18|3|1|2|0|0|1|0|0,Immuno,1,True,1.0,PD-L1 < 1%,0.6666666666666666,0.16,True,True
114,18|3|1|2|0|0|1|0|0,Chemo,2,True,1.0,ECOG/perf_status > 2,0.0,0.16,False,False
114,18|3|1|2|0|0|1|0|0,Surgery,3,True,1.0,not first-line month,0.16666666666666666,0.16,True,True
115,24|3|1|2|0|0|1|0|0,Targeted,0,True,1.0,allowed,0.0,0.16,False,False
115,24|3|1|2|0|0|1|0|0,Immuno,1,True,1.0,PD-L1 < 1%,0.6666666666666666,0.16,True,True
115,24|3|1|2|0|0|1|0|0,Chemo,2,True,1.0,ECOG/perf_status > 2,0.0,0.16,False,False
115,24|3|1|2|0|0|1|0|0,Surgery,3,True,1.0,not first-line month,0.16666666666666666,0.16,True,True
116,0|0|1|1|0|2|0|0|0,Targeted,0,True,1.0,EGFR/ALK not eligible,0.6666666666666666,0.16,True,True
116,0|0|1|1|0|2|0|0|0,Immuno,1,False,0.0,allowed,0.0,0.16,False,True
116,0|0|1|1|0|2|0|0|0,Chemo,2,False,0.0,allowed,0.0,0.16,False,True
116,0|0|1|1|0|2|0|0|0,Surgery,3,False,0.0,allowed,0.0,0.16,False,True
117,6|0|1|1|0|2|0|0|0,Targeted,0,True,1.0,EGFR/ALK not eligible,0.6666666666666666,0.16,True,True
117,6|0|1|1|0|2|0|0|0,Immuno,1,False,0.0,allowed,0.0,0.16,False,True
117,6|0|1|1|0|2|0|0|0,Chemo,2,False,0.0,allowed,0.0,0.16,False,True
117,6|0|1|1|0|2|0|0|0,Surgery,3,True,0.5,not first-line month,0.16666666666666666,0.16,True,True
118,12|0|1|3|0|2|0|0|0,Targeted,0,True,1.0,EGFR/ALK not eligible,0.6666666666666666,0.16,True,True
118,12|0|1|3|0|2|0|0|0,Immuno,1,False,0.0,allowed,0.0,0.16,False,True
118,12|0|1|3|0|2|0|0|0,Chemo,2,False,0.0,allowed,0.0,0.16,False,True
118,12|0|1|3|0|2|0|0|0,Surgery,3,True,0.5,not first-line month,0.16666666666666666,0.16,True,True
119,18|0|1|4|0|2|0|0|0,Targeted,0,True,1.0,EGFR/ALK not eligible,0.6666666666666666,0.16,True,True
119,18|0|1|4|0|2|0|0|0,Immuno,1,False,0.0,allowed,0.0,0.16,False,True
119,18|0|1|4|0|2|0|0|0,Chemo,2,False,0.0,allowed,0.0,0.16,False,True
119,18|0|1|4|0|2|0|0|0,Surgery,3,False,0.0,allowed,0.0,0.16,False,True
120,24|0|1|3|0|2|0|0|0,Targeted,0,True,1.0,EGFR/ALK not eligible,0.8333333333333334,0.16,True,True
120,24|0|1|3|0|2|0|0|0,Immuno,1,False,0.0,allowed,0.0,0.16,False,True
120,24|0|1|3|0|2|0|0|0,Chemo,2,False,0.0,allowed,0.0,0.16,False,True
120,24|0|1|3|0|2|0|0|0,Surgery,3,True,0.6666666666666666,not first-line month,0.3333333333333333,0.16,True,True
121,12|3|2|3|0|0|0|0|0,Targeted,0,True,1.0,EGFR/ALK not eligible,0.8333333333333334,0.16,True,True
121,12|3|2|3|0|0|0|0|0,Immuno,1,True,1.0,PD-L1 < 1%,0.0,0.16,False,False
121,12|3|2|3|0|0|0|0|0,Chemo,2,True,1.0,ECOG/perf_status > 2,0.16666666666666666,0.16,True,True
121,12|3|2|3|0|0|0|0|0,Surgery,3,True,1.0,not first-line month,0.16666666666666666,0.16,True,True
122,18|3|1|0|1|0|0|0|0,Targeted,0,True,1.0,EGFR/ALK not eligible,0.6666666666666666,0.16,True,True
122,18|3|1|0|1|0|0|0|0,Immuno,1,True,1.0,PD-L1 < 1%,0.0,0.16,False,False
122,18|3|1|0|1|0|0|0|0,Chemo,2,True,1.0,ECOG/perf_status > 2,0.0,0.16,False,False
122,18|3|1|0|1|0|0|0|0,Surgery,3,True,1.0,not first-line month,0.5,0.16,True,True
123,24|3|1|0|1|0|0|0|0,Targeted,0,True,1.0,EGFR/ALK not eligible,0.6666666666666666,0.16,True,True
123,24|3|1|0|1|0|0|0|0,Immuno,1,True,1.0,PD-L1 < 1%,0.0,0.16,False,False
123,24|3|1|0|1|0|0|0|0,Chemo,2,True,1.0,ECOG/perf_status > 2,0.0,0.16,False,False
123,24|3|1|0|1|0|0|0|0,Surgery,3,True,1.0,not first-line month,0.5,0.16,True,True
124,0|0|1|2|0|0|1|0|0,Targeted,0,False,0.0,allowed,0.0,0.16,False,True
124,0|0|1|2|0|0|1|0|0,Immuno,1,True,1.0,PD-L1 < 1%,0.3333333333333333,0.16,True,True
124,0|0|1|2|0|0|1|0|0,Chemo,2,False,0.0,allowed,0.0,0.16,False,True
124,0|0|1|2|0|0|1|0|0,Surgery,3,True,1.0,allowed,0.0,0.16,False,False
125,6|0|1|3|0|0|1|0|0,Targeted,0,False,0.0,allowed,0.0,0.16,False,True
125,6|0|1|3|0|0|1|0|0,Immuno,1,True,1.0,PD-L1 < 1%,0.5,0.16,True,True
125,6|0|1|3|0|0|1|0|0,Chemo,2,False,0.0,allowed,0.0,0.16,False,True
125,6|0|1|3|0|0|1|0|0,Surgery,3,True,1.0,not first-line month,0.6666666666666666,0.16,True,True
126,12|0|1|2|0|0|1|0|0,Targeted,0,False,0.0,allowed,0.0,0.16,False,True
126,12|0|1|2|0|0|1|0|0,Immuno,1,True,1.0,PD-L1 < 1%,0.5,0.16,True,True
126,12|0|1|2|0|0|1|0|0,Chemo,2,False,0.0,allowed,0.0,0.16,False,True
126,12|0|1|2|0|0|1|0|0,Surgery,3,True,1.0,not first-line month,0.6666666666666666,0.16,True,True
127,18|0|1|2|0|0|1|0|0,Targeted,0,False,0.0,allowed,0.0,0.16,False,True
127,18|0|1|2|0|0|1|0|0,Immuno,1,True,1.0,PD-L1 < 1%,0.5,0.16,True,True
127,18|0|1|2|0|0|1|0|0,Chemo,2,False,0.0,allowed,0.0,0.16,False,True
127,18|0|1|2|0|0|1|0|0,Surgery,3,True,1.0,not first-line month,0.6666666666666666,0.16,True,True
128,24|0|1|2|0|0|1|0|0,Targeted,0,False,0.0,allowed,0.0,0.16,False,True
128,24|0|1|2|0|0|1|0|0,Immuno,1,True,1.0,PD-L1 < 1%,0.3333333333333333,0.16,True,True
128,24|0|1|2|0|0|1|0|0,Chemo,2,False,0.0,allowed,0.0,0.16,False,True
128,24|0|1|2|0|0|1|0|0,Surgery,3,True,1.0,not first-line month,0.5,0.16,True,True
129,0|2|2|2|0|2|1|0|0,Targeted,0,False,0.0,allowed,0.0,0.16,False,True
129,0|2|2|2|0|2|1|0|0,Immuno,1,False,0.0,allowed,0.0,0.16,False,True
129,0|2|2|2|0|2|1|0|0,Chemo,2,False,0.0,allowed,0.0,0.16,False,True
129,0|2|2|2|0|2|1|0|0,Surgery,3,True,1.0,allowed,0.0,0.16,False,False
130,12|2|2|0|1|2|1|0|0,Targeted,0,False,0.0,allowed,0.0,0.16,False,True
130,12|2|2|0|1|2|1|0|0,Immuno,1,False,0.0,allowed,0.0,0.16,False,True
130,12|2|2|0|1|2|1|0|0,Chemo,2,False,0.0,allowed,0.0,0.16,False,True
130,12|2|2|0|1|2|1|0|0,Surgery,3,True,1.0,not first-line month,0.16666666666666666,0.16,True,True
131,18|2|1|3|0|1|0|0|0,Targeted,0,True,1.0,EGFR/ALK not eligible,0.3333333333333333,0.16,True,True
131,18|2|1|3|0|1|0|0|0,Immuno,1,False,0.0,allowed,0.0,0.16,False,True
131,18|2|1|3|0|1|0|0|0,Chemo,2,False,0.0,allowed,0.0,0.16,False,True
131,18|2|1|3|0|1|0|0|0,Surgery,3,True,1.0,not first-line month,0.3333333333333333,0.16,True,True
132,12|1|1|4|0|1|1|0|0,Targeted,0,False,0.0,allowed,0.0,0.16,False,True
132,12|1|1|4|0|1|1|0|0,Immuno,1,False,0.0,allowed,0.0,0.16,False,True
132,12|1|1|4|0|1|1|0|0,Chemo,2,False,0.0,allowed,0.0,0.16,False,True
132,12|1|1|4|0|1|1|0|0,Surgery,3,True,1.0,not first-line month,0.6666666666666666,0.16,True,True
133,18|1|1|0|1|1|1|0|0,Targeted,0,False,0.0,allowed,0.0,0.16,False,True
133,18|1|1|0|1|1|1|0|0,Immuno,1,False,0.0,allowed,0.0,0.16,False,True
133,18|1|1|0|1|1|1|0|0,Chemo,2,False,0.0,allowed,0.0,0.16,False,True
133,18|1|1|0|1|1|1|0|0,Surgery,3,True,1.0,not first-line month,0.5,0.16,True,True
134,24|1|1|0|1|1|1|0|0,Targeted,0,False,0.0,allowed,0.0,0.16,False,True
134,24|1|1|0|1|1|1|0|0,Immuno,1,False,0.0,allowed,0.0,0.16,False,True
134,24|1|1|0|1|1|1|0|0,Chemo,2,False,0.0,allowed,0.0,0.16,False,True
134,24|1|1|0|1|1|1|0|0,Surgery,3,True,1.0,not first-line month,0.5,0.16,True,True
135,0|2|2|3|0|0|0|0|0,Targeted,0,True,1.0,EGFR/ALK not eligible,0.8333333333333334,0.16,True,True
135,0|2|2|3|0|0|0|0|0,Immuno,1,True,1.0,PD-L1 < 1%,0.8333333333333334,0.16,True,True
135,0|2|2|3|0|0|0|0|0,Chemo,2,False,0.0,allowed,0.0,0.16,False,True
135,0|2|2|3|0|0|0|0|0,Surgery,3,True,1.0,allowed,0.0,0.16,False,False
136,12|2|2|2|0|0|0|0|0,Targeted,0,True,1.0,EGFR/ALK not eligible,0.8333333333333334,0.16,True,True
136,12|2|2|2|0|0|0|0|0,Immuno,1,True,1.0,PD-L1 < 1%,0.8333333333333334,0.16,True,True
136,12|2|2|2|0|0|0|0|0,Chemo,2,False,0.0,allowed,0.0,0.16,False,True
136,12|2|2|2|0|0|0|0|0,Surgery,3,True,1.0,not first-line month,0.8333333333333334,0.16,True,True
137,0|0|2|2|0|2|0|0|0,Targeted,0,True,1.0,EGFR/ALK not eligible,0.6666666666666666,0.16,True,True
137,0|0|2|2|0|2|0|0|0,Immuno,1,False,0.0,allowed,0.0,0.16,False,True
137,0|0|2|2|0|2|0|0|0,Chemo,2,False,0.0,allowed,0.0,0.16,False,True
137,0|0|2|2|0|2|0|0|0,Surgery,3,True,1.0,allowed,0.0,0.16,False,False
138,12|0|2|2|0|2|0|0|0,Targeted,0,True,1.0,EGFR/ALK not eligible,0.6666666666666666,0.16,True,True
138,12|0|2|2|0|2|0|0|0,Immuno,1,False,0.0,allowed,0.0,0.16,False,True
138,12|0|2|2|0|2|0|0|0,Chemo,2,False,0.0,allowed,0.0,0.16,False,True
138,12|0|2|2|0|2|0|0|0,Surgery,3,True,1.0,not first-line month,0.8333333333333334,0.16,True,True
139,18|0|1|2|0|2|0|0|0,Targeted,0,True,1.0,EGFR/ALK not eligible,0.6666666666666666,0.16,True,True
139,18|0|1|2|0|2|0|0|0,Immuno,1,False,0.0,allowed,0.0,0.16,False,True
139,18|0|1|2|0|2|0|0|0,Chemo,2,False,0.0,allowed,0.0,0.16,False,True
139,18|0|1|2|0|2|0|0|0,Surgery,3,True,0.5,not first-line month,0.8333333333333334,0.16,True,True
140,24|0|1|2|0|2|0|0|0,Targeted,0,True,1.0,EGFR/ALK not eligible,0.6666666666666666,0.16,True,True
140,24|0|1|2|0|2|0|0|0,Immuno,1,False,0.0,allowed,0.0,0.16,False,True
140,24|0|1|2|0|2|0|0|0,Chemo,2,False,0.0,allowed,0.0,0.16,False,True
140,24|0|1|2|0|2|0|0|0,Surgery,3,True,1.0,not first-line month,0.8333333333333334,0.16,True,True
141,0|1|2|3|0|0|0|1|0,Targeted,0,False,0.0,allowed,0.0,0.16,False,True
141,0|1|2|3|0|0|0|1|0,Immuno,1,True,1.0,PD-L1 < 1%,0.6666666666666666,0.16,True,True
141,0|1|2|3|0|0|0|1|0,Chemo,2,False,0.0,allowed,0.0,0.16,False,True
141,0|1|2|3|0|0|0|1|0,Surgery,3,True,1.0,allowed,0.0,0.16,False,False
142,6|1|1|3|0|0|0|1|0,Targeted,0,False,0.0,allowed,0.0,0.16,False,True
142,6|1|1|3|0|0|0|1|0,Immuno,1,True,1.0,PD-L1 < 1%,0.6666666666666666,0.16,True,True
142,6|1|1|3|0|0|0|1|0,Chemo,2,False,0.0,allowed,0.0,0.16,False,True
142,6|1|1|3|0|0|0|1|0,Surgery,3,True,1.0,not first-line month,0.5,0.16,True,True
143,12|1|1|3|0|0|0|1|0,Targeted,0,False,0.0,allowed,0.0,0.16,False,True
143,12|1|1|3|0|0|0|1|0,Immuno,1,True,1.0,PD-L1 < 1%,0.6666666666666666,0.16,True,True
143,12|1|1|3|0|0|0|1|0,Chemo,2,False,0.0,allowed,0.0,0.16,False,True
143,12|1|1|3|0|0|0|1|0,Surgery,3,True,1.0,not first-line month,0.5,0.16,True,True
144,18|1|1|3|0|0|0|1|0,Targeted,0,False,0.0,allowed,0.0,0.16,False,True
144,18|1|1|3|0|0|0|1|0,Immuno,1,True,1.0,PD-L1 < 1%,0.6666666666666666,0.16,True,True
144,18|1|1|3|0|0|0|1|0,Chemo,2,False,0.0,allowed,0.0,0.16,False,True
144,18|1|1|3|0|0|0|1|0,Surgery,3,True,1.0,not first-line month,0.5,0.16,True,True
145,24|1|2|4|0|0|0|1|0,Targeted,0,False,0.0,allowed,0.0,0.16,False,True
145,24|1|2|4|0|0|0|1|0,Immuno,1,True,1.0,PD-L1 < 1%,0.6666666666666666,0.16,True,True
145,24|1|2|4|0|0|0|1|0,Chemo,2,False,0.0,allowed,0.0,0.16,False,True
145,24|1|2|4|0|0|0|1|0,Surgery,3,True,1.0,not first-line month,0.5,0.16,True,True
146,0|0|1|3|0|2|0|0|0,Targeted,0,True,1.0,EGFR/ALK not eligible,0.6666666666666666,0.16,True,True
146,0|0|1|3|0|2|0|0|0,Immuno,1,False,0.0,allowed,0.0,0.16,False,True
146,0|0|1|3|0|2|0|0|0,Chemo,2,False,0.0,allowed,0.0,0.16,False,True
146,0|0|1|3|0|2|0|0|0,Surgery,3,True,0.5,allowed,0.0,0.16,False,False
147,6|0|2|3|0|2|0|0|0,Targeted,0,True,1.0,EGFR/ALK not eligible,0.6666666666666666,0.16,True,True
147,6|0|2|3|0|2|0|0|0,Immuno,1,False,0.0,allowed,0.0,0.16,False,True
147,6|0|2|3|0|2|0|0|0,Chemo,2,False,0.0,allowed,0.0,0.16,False,True
147,6|0|2|3|0|2|0|0|0,Surgery,3,True,0.5,not first-line month,0.8333333333333334,0.16,True,True
148,12|0|1|2|0|2|0|0|0,Targeted,0,True,1.0,EGFR/ALK not eligible,0.8333333333333334,0.16,True,True
148,12|0|1|2|0|2|0|0|0,Immuno,1,False,0.0,allowed,0.0,0.16,False,True
148,12|0|1|2|0|2|0|0|0,Chemo,2,False,0.0,allowed,0.0,0.16,False,True
148,12|0|1|2|0|2|0|0|0,Surgery,3,True,0.6666666666666666,not first-line month,1.0,0.16,True,True
149,24|0|2|2|0|2|0|0|0,Targeted,0,True,1.0,EGFR/ALK not eligible,0.6666666666666666,0.16,True,True
149,24|0|2|2|0|2|0|0|0,Immuno,1,False,0.0,allowed,0.0,0.16,False,True
149,24|0|2|2|0|2|0|0|0,Chemo,2,False,0.0,allowed,0.0,0.16,False,True
149,24|0|2|2|0|2|0|0|0,Surgery,3,True,0.5,not first-line month,0.8333333333333334,0.16,True,True
150,0|0|1|2|0|0|0|0|0,Targeted,0,True,1.0,EGFR/ALK not eligible,0.8333333333333334,0.16,True,True
150,0|0|1|2|0|0|0|0|0,Immuno,1,True,1.0,PD-L1 < 1%,0.8333333333333334,0.16,True,True
150,0|0|1|2|0|0|0|0|0,Chemo,2,False,0.0,allowed,0.0,0.16,False,True
150,0|0|1|2|0|0|0|0|0,Surgery,3,True,1.0,allowed,0.0,0.16,False,False
151,6|0|1|2|0|0|0|0|0,Targeted,0,True,1.0,EGFR/ALK not eligible,0.8333333333333334,0.16,True,True
151,6|0|1|2|0|0|0|0|0,Immuno,1,True,1.0,PD-L1 < 1%,0.8333333333333334,0.16,True,True
151,6|0|1|2|0|0|0|0|0,Chemo,2,False,0.0,allowed,0.0,0.16,False,True
151,6|0|1|2|0|0|0|0|0,Surgery,3,True,1.0,not first-line month,1.0,0.16,True,True
152,12|0|1|2|0|0|0|0|0,Targeted,0,True,1.0,EGFR/ALK not eligible,0.8333333333333334,0.16,True,True
152,12|0|1|2|0|0|0|0|0,Immuno,1,True,1.0,PD-L1 < 1%,0.8333333333333334,0.16,True,True
152,12|0|1|2|0|0|0|0|0,Chemo,2,False,0.0,allowed,0.0,0.16,False,True
152,12|0|1|2|0|0|0|0|0,Surgery,3,True,1.0,not first-line month,1.0,0.16,True,True
153,18|0|1|2|0|0|0|0|0,Targeted,0,True,1.0,EGFR/ALK not eligible,0.5,0.16,True,True
153,18|0|1|2|0|0|0|0|0,Immuno,1,True,1.0,PD-L1 < 1%,0.5,0.16,True,True
153,18|0|1|2|0|0|0|0|0,Chemo,2,False,0.0,allowed,0.0,0.16,False,True
153,18|0|1|2|0|0|0|0|0,Surgery,3,True,1.0,not first-line month,0.6666666666666666,0.16,True,True
154,24|0|1|2|0|0|0|0|0,Targeted,0,True,1.0,EGFR/ALK not eligible,0.5,0.16,True,True
154,24|0|1|2|0|0|0|0|0,Immuno,1,True,1.0,PD-L1 < 1%,0.5,0.16,True,True
154,24|0|1|2|0|0|0|0|0,Chemo,2,False,0.0,allowed,0.0,0.16,False,True
154,24|0|1|2|0|0|0|0|0,Surgery,3,True,1.0,not first-line month,0.6666666666666666,0.16,True,True
155,0|1|1|1|0|2|1|0|0,Targeted,0,False,0.0,allowed,0.0,0.16,False,True
155,0|1|1|1|0|2|1|0|0,Immuno,1,False,0.0,allowed,0.0,0.16,False,True
155,0|1|1|1|0|2|1|0|0,Chemo,2,False,0.0,allowed,0.0,0.16,False,True
155,0|1|1|1|0|2|1|0|0,Surgery,3,False,0.0,allowed,0.0,0.16,False,True
156,6|1|1|1|0|2|1|0|0,Targeted,0,False,0.0,allowed,0.0,0.16,False,True
156,6|1|1|1|0|2|1|0|0,Immuno,1,False,0.0,allowed,0.0,0.16,False,True
156,6|1|1|1|0|2|1|0|0,Chemo,2,False,0.0,allowed,0.0,0.16,False,True
156,6|1|1|1|0|2|1|0|0,Surgery,3,False,0.0,allowed,0.0,0.16,False,True
157,12|1|1|3|0|2|1|0|0,Targeted,0,False,0.0,allowed,0.0,0.16,False,True
157,12|1|1|3|0|2|1|0|0,Immuno,1,False,0.0,allowed,0.0,0.16,False,True
157,12|1|1|3|0|2|1|0|0,Chemo,2,False,0.0,allowed,0.0,0.16,False,True
157,12|1|1|3|0|2|1|0|0,Surgery,3,False,0.0,allowed,0.0,0.16,False,True
158,18|1|1|3|0|2|1|0|0,Targeted,0,False,0.0,allowed,0.0,0.16,False,True
158,18|1|1|3|0|2|1|0|0,Immuno,1,False,0.0,allowed,0.0,0.16,False,True
158,18|1|1|3|0|2|1|0|0,Chemo,2,False,0.0,allowed,0.0,0.16,False,True
158,18|1|1|3|0|2|1|0|0,Surgery,3,False,0.0,allowed,0.0,0.16,False,True
159,24|1|1|3|0|2|1|0|0,Targeted,0,False,0.0,allowed,0.0,0.16,False,True
159,24|1|1|3|0|2|1|0|0,Immuno,1,False,0.0,allowed,0.0,0.16,False,True
159,24|1|1|3|0|2|1|0|0,Chemo,2,False,0.0,allowed,0.0,0.16,False,True
159,24|1|1|3|0|2|1|0|0,Surgery,3,False,0.0,allowed,0.0,0.16,False,True
160,6|2|2|2|0|0|0|0|0,Targeted,0,True,1.0,EGFR/ALK not eligible,0.8333333333333334,0.16,True,True
160,6|2|2|2|0|0|0|0|0,Immuno,1,True,1.0,PD-L1 < 1%,0.8333333333333334,0.16,True,True
160,6|2|2|2|0|0|0|0|0,Chemo,2,False,0.0,allowed,0.0,0.16,False,True
160,6|2|2|2|0|0|0|0|0,Surgery,3,True,1.0,not first-line month,0.8333333333333334,0.16,True,True
161,0|1|1|2|0|0|0|0|0,Targeted,0,True,1.0,EGFR/ALK not eligible,0.8333333333333334,0.16,True,True
161,0|1|1|2|0|0|0|0|0,Immuno,1,True,1.0,PD-L1 < 1%,0.8333333333333334,0.16,True,True
161,0|1|1|2|0|0|0|0|0,Chemo,2,False,0.0,allowed,0.0,0.16,False,True
161,0|1|1|2|0|0|0|0|0,Surgery,3,True,1.0,allowed,0.0,0.16,False,False
162,0|0|1|1|0|0|0|0|0,Targeted,0,True,1.0,EGFR/ALK not eligible,0.6666666666666666,0.16,True,True
162,0|0|1|1|0|0|0|0|0,Immuno,1,True,1.0,PD-L1 < 1%,0.6666666666666666,0.16,True,True
162,0|0|1|1|0|0|0|0|0,Chemo,2,False,0.0,allowed,0.0,0.16,False,True
162,0|0|1|1|0|0|0|0|0,Surgery,3,False,0.0,allowed,0.0,0.16,False,True
163,6|0|1|1|0|0|0|0|0,Targeted,0,True,1.0,EGFR/ALK not eligible,0.8333333333333334,0.16,True,True
163,6|0|1|1|0|0|0|0|0,Immuno,1,True,1.0,PD-L1 < 1%,0.8333333333333334,0.16,True,True
163,6|0|1|1|0|0|0|0|0,Chemo,2,False,0.0,allowed,0.0,0.16,False,True
163,6|0|1|1|0|0|0|0|0,Surgery,3,False,0.0,allowed,0.0,0.16,False,True
164,12|0|1|3|0|0|0|0|0,Targeted,0,True,1.0,EGFR/ALK not eligible,0.8333333333333334,0.16,True,True
164,12|0|1|3|0|0|0|0|0,Immuno,1,True,1.0,PD-L1 < 1%,0.8333333333333334,0.16,True,True
164,12|0|1|3|0|0|0|0|0,Chemo,2,False,0.0,allowed,0.0,0.16,False,True
164,12|0|1|3|0|0|0|0|0,Surgery,3,False,0.0,allowed,0.0,0.16,False,True
165,18|0|1|4|0|0|0|0|0,Targeted,0,True,1.0,EGFR/ALK not eligible,0.6666666666666666,0.16,True,True
165,18|0|1|4|0|0|0|0|0,Immuno,1,True,1.0,PD-L1 < 1%,0.6666666666666666,0.16,True,True
165,18|0|1|4|0|0|0|0|0,Chemo,2,False,0.0,allowed,0.0,0.16,False,True
165,18|0|1|4|0|0|0|0|0,Surgery,3,False,0.0,allowed,0.0,0.16,False,True
166,24|0|1|4|0|0|0|0|0,Targeted,0,True,1.0,EGFR/ALK not eligible,0.6666666666666666,0.16,True,True
166,24|0|1|4|0|0|0|0|0,Immuno,1,True,1.0,PD-L1 < 1%,0.6666666666666666,0.16,True,True
166,24|0|1|4|0|0|0|0|0,Chemo,2,False,0.0,allowed,0.0,0.16,False,True
166,24|0|1|4|0|0|0|0|0,Surgery,3,False,0.0,allowed,0.0,0.16,False,True
167,0|3|1|3|0|0|0|1|0,Targeted,0,True,1.0,allowed,0.0,0.16,False,False
167,0|3|1|3|0|0|0|1|0,Immuno,1,True,1.0,PD-L1 < 1%,0.6666666666666666,0.16,True,True
167,0|3|1|3|0|0|0|1|0,Chemo,2,True,1.0,ECOG/perf_status > 2,0.0,0.16,False,False
167,0|3|1|3|0|0|0|1|0,Surgery,3,True,1.0,ECOG/perf_status > 2,0.16666666666666666,0.16,True,True
168,6|3|1|2|0|0|0|1|0,Targeted,0,True,1.0,allowed,0.0,0.16,False,False
168,6|3|1|2|0|0|0|1|0,Immuno,1,True,1.0,PD-L1 < 1%,0.6666666666666666,0.16,True,True
168,6|3|1|2|0|0|0|1|0,Chemo,2,True,1.0,ECOG/perf_status > 2,0.0,0.16,False,False
168,6|3|1|2|0|0|0|1|0,Surgery,3,True,1.0,not first-line month,0.16666666666666666,0.16,True,True
169,12|3|2|2|0|0|0|1|0,Targeted,0,True,1.0,allowed,0.0,0.16,False,False
169,12|3|2|2|0|0|0|1|0,Immuno,1,True,1.0,PD-L1 < 1%,0.6666666666666666,0.16,True,True
169,12|3|2|2|0|0|0|1|0,Chemo,2,True,1.0,ECOG/perf_status > 2,0.0,0.16,False,False
169,12|3|2|2|0|0|0|1|0,Surgery,3,True,1.0,not first-line month,0.16666666666666666,0.16,True,True
170,18|3|1|0|1|0|0|1|0,Targeted,0,True,1.0,allowed,0.0,0.16,False,False
170,18|3|1|0|1|0|0|1|0,Immuno,1,True,1.0,PD-L1 < 1%,0.6666666666666666,0.16,True,True
170,18|3|1|0|1|0|0|1|0,Chemo,2,True,1.0,ECOG/perf_status > 2,0.0,0.16,False,False
170,18|3|1|0|1|0|0|1|0,Surgery,3,True,1.0,not first-line month,0.5,0.16,True,True
171,24|3|1|0|1|0|0|1|0,Targeted,0,True,1.0,allowed,0.0,0.16,False,False
171,24|3|1|0|1|0|0|1|0,Immuno,1,True,1.0,PD-L1 < 1%,0.6666666666666666,0.16,True,True
171,24|3|1|0|1|0|0|1|0,Chemo,2,True,1.0,ECOG/perf_status > 2,0.0,0.16,False,False
171,24|3|1|0|1|0|0|1|0,Surgery,3,True,1.0,not first-line month,0.5,0.16,True,True
172,0|2|2|3|0|1|0|0|0,Targeted,0,True,1.0,EGFR/ALK not eligible,0.5,0.16,True,True
172,0|2|2|3|0|1|0|0|0,Immuno,1,False,0.0,allowed,0.0,0.16,False,True
172,0|2|2|3|0|1|0|0|0,Chemo,2,False,0.0,allowed,0.0,0.16,False,True
172,0|2|2|3|0|1|0|0|0,Surgery,3,True,1.0,allowed,0.0,0.16,False,False
173,18|2|2|1|0|1|0|0|0,Targeted,0,True,1.0,EGFR/ALK not eligible,0.5,0.16,True,True
173,18|2|2|1|0|1|0|0|0,Immuno,1,False,0.0,allowed,0.0,0.16,False,True
173,18|2|2|1|0|1|0|0|0,Chemo,2,False,0.0,allowed,0.0,0.16,False,True
173,18|2|2|1|0|1|0|0|0,Surgery,3,True,1.0,not first-line month,0.5,0.16,True,True
174,24|2|2|0|1|1|0|0|0,Targeted,0,True,1.0,EGFR/ALK not eligible,0.5,0.16,True,True
174,24|2|2|0|1|1|0|0|0,Immuno,1,False,0.0,allowed,0.0,0.16,False,True
174,24|2|2|0|1|1|0|0|0,Chemo,2,False,0.0,allowed,0.0,0.16,False,True
174,24|2|2|0|1|1|0|0|0,Surgery,3,True,1.0,not first-line month,0.16666666666666666,0.16,True,True
175,0|3|1|2|0|0|1|0|0,Targeted,0,True,1.0,allowed,0.0,0.16,False,False
175,0|3|1|2|0|0|1|0|0,Immuno,1,True,1.0,PD-L1 < 1%,0.5,0.16,True,True
175,0|3|1|2|0|0|1|0|0,Chemo,2,True,1.0,ECOG/perf_status > 2,0.0,0.16,False,False
175,0|3|1|2|0|0|1|0|0,Surgery,3,True,1.0,ECOG/perf_status > 2,0.0,0.16,False,False
176,6|3|1|1|0|0|1|0|0,Targeted,0,True,1.0,allowed,0.0,0.16,False,False
176,6|3|1|1|0|0|1|0|0,Immuno,1,True,1.0,PD-L1 < 1%,0.5,0.16,True,True
176,6|3|1|1|0|0|1|0|0,Chemo,2,True,1.0,ECOG/perf_status > 2,0.0,0.16,False,False
176,6|3|1|1|0|0|1|0|0,Surgery,3,True,1.0,not first-line month,0.0,0.16,False,False
177,12|3|0|2|0|0|1|0|0,Targeted,0,True,1.0,allowed,0.0,0.16,False,False
177,12|3|0|2|0|0|1|0|0,Immuno,1,True,1.0,PD-L1 < 1%,0.5,0.16,True,True
177,12|3|0|2|0|0|1|0|0,Chemo,2,True,1.0,ECOG/perf_status > 2,0.0,0.16,False,False
177,12|3|0|2|0|0|1|0|0,Surgery,3,True,1.0,not first-line month,0.0,0.16,False,False
178,18|3|0|4|0|0|1|0|0,Targeted,0,True,1.0,allowed,0.0,0.16,False,False
178,18|3|0|4|0|0|1|0|0,Immuno,1,True,1.0,PD-L1 < 1%,0.5,0.16,True,True
178,18|3|0|4|0|0|1|0|0,Chemo,2,True,1.0,ECOG/perf_status > 2,0.16666666666666666,0.16,True,True
178,18|3|0|4|0|0|1|0|0,Surgery,3,True,1.0,not first-line month,0.0,0.16,False,False
179,24|3|0|3|0|0|1|0|0,Targeted,0,True,1.0,allowed,0.0,0.16,False,False
179,24|3|0|3|0|0|1|0|0,Immuno,1,True,1.0,PD-L1 < 1%,0.5,0.16,True,True
179,24|3|0|3|0|0|1|0|0,Chemo,2,True,1.0,ECOG/perf_status > 2,0.16666666666666666,0.16,True,True
179,24|3|0|3|0|0|1|0|0,Surgery,3,True,1.0,not first-line month,0.0,0.16,False,False
180,18|2|2|3|0|0|0|0|0,Targeted,0,True,1.0,EGFR/ALK not eligible,0.8333333333333334,0.16,True,True
180,18|2|2|3|0|0|0|0|0,Immuno,1,True,1.0,PD-L1 < 1%,0.0,0.16,False,False
180,18|2|2|3|0|0|0|0|0,Chemo,2,False,0.0,allowed,0.0,0.16,False,True
180,18|2|2|3|0|0|0|0|0,Surgery,3,True,1.0,not first-line month,0.8333333333333334,0.16,True,True
181,24|2|2|3|0|0|0|0|0,Targeted,0,True,1.0,EGFR/ALK not eligible,0.8333333333333334,0.16,True,True
181,24|2|2|3|0|0|0|0|0,Immuno,1,True,1.0,PD-L1 < 1%,0.0,0.16,False,False
181,24|2|2|3|0|0|0|0|0,Chemo,2,False,0.0,allowed,0.0,0.16,False,True
181,24|2|2|3|0|0|0|0|0,Surgery,3,True,1.0,not first-line month,0.8333333333333334,0.16,True,True
182,6|1|2|2|0|1|0|0|0,Targeted,0,True,1.0,EGFR/ALK not eligible,0.5,0.16,True,True
182,6|1|2|2|0|1|0|0|0,Immuno,1,False,0.0,allowed,0.0,0.16,False,True
182,6|1|2|2|0|1|0|0|0,Chemo,2,False,0.0,allowed,0.0,0.16,False,True
182,6|1|2|2|0|1|0|0|0,Surgery,3,True,1.0,not first-line month,0.5,0.16,True,True
183,18|1|2|4|0|1|0|0|0,Targeted,0,True,1.0,EGFR/ALK not eligible,0.5,0.16,True,True
183,18|1|2|4|0|1|0|0|0,Immuno,1,False,0.0,allowed,0.0,0.16,False,True
183,18|1|2|4|0|1|0|0|0,Chemo,2,False,0.0,allowed,0.0,0.16,False,True
183,18|1|2|4|0|1|0|0|0,Surgery,3,True,1.0,not first-line month,0.5,0.16,True,True
184,24|1|2|3|0|1|0|0|0,Targeted,0,True,1.0,EGFR/ALK not eligible,0.5,0.16,True,True
184,24|1|2|3|0|1|0|0|0,Immuno,1,False,0.0,allowed,0.0,0.16,False,True
184,24|1|2|3|0|1|0|0|0,Chemo,2,False,0.0,allowed,0.0,0.16,False,True
184,24|1|2|3|0|1|0|0|0,Surgery,3,True,1.0,not first-line month,0.5,0.16,True,True
185,6|0|1|3|0|2|0|0|0,Targeted,0,True,1.0,EGFR/ALK not eligible,0.3333333333333333,0.16,True,True
185,6|0|1|3|0|2|0|0|0,Immuno,1,False,0.0,allowed,0.0,0.16,False,True
185,6|0|1|3|0|2|0|0|0,Chemo,2,False,0.0,allowed,0.0,0.16,False,True
185,6|0|1|3|0|2|0|0|0,Surgery,3,True,1.0,not first-line month,0.5,0.16,True,True
186,18|0|2|3|0|2|0|0|0,Targeted,0,True,1.0,EGFR/ALK not eligible,0.3333333333333333,0.16,True,True
186,18|0|2|3|0|2|0|0|0,Immuno,1,False,0.0,allowed,0.0,0.16,False,True
186,18|0|2|3|0|2|0|0|0,Chemo,2,False,0.0,allowed,0.0,0.16,False,True
186,18|0|2|3|0|2|0|0|0,Surgery,3,True,1.0,not first-line month,0.5,0.16,True,True
187,0|3|1|2|0|2|0|0|0,Targeted,0,True,1.0,EGFR/ALK not eligible,0.6666666666666666,0.16,True,True
187,0|3|1|2|0|2|0|0|0,Immuno,1,True,1.0,allowed,0.0,0.16,False,False
187,0|3|1|2|0|2|0|0|0,Chemo,2,True,1.0,ECOG/perf_status > 2,0.0,0.16,False,False
187,0|3|1|2|0|2|0|0|0,Surgery,3,True,1.0,ECOG/perf_status > 2,0.3333333333333333,0.16,True,True
188,6|3|2|2|0|2|0|0|0,Targeted,0,True,1.0,EGFR/ALK not eligible,0.8333333333333334,0.16,True,True
188,6|3|2|2|0|2|0|0|0,Immuno,1,True,1.0,allowed,0.0,0.16,False,False
188,6|3|2|2|0|2|0|0|0,Chemo,2,True,1.0,ECOG/perf_status > 2,0.0,0.16,False,False
188,6|3|2|2|0|2|0|0|0,Surgery,3,True,1.0,not first-line month,0.16666666666666666,0.16,True,True
189,12|3|2|2|0|2|0|0|0,Targeted,0,True,1.0,EGFR/ALK not eligible,0.8333333333333334,0.16,True,True
189,12|3|2|2|0|2|0|0|0,Immuno,1,True,1.0,allowed,0.0,0.16,False,False
189,12|3|2|2|0|2|0|0|0,Chemo,2,True,1.0,ECOG/perf_status > 2,0.0,0.16,False,False
189,12|3|2|2|0|2|0|0|0,Surgery,3,True,1.0,not first-line month,0.16666666666666666,0.16,True,True
190,18|3|2|4|0|2|0|0|0,Targeted,0,True,1.0,EGFR/ALK not eligible,0.5,0.16,True,True
190,18|3|2|4|0|2|0|0|0,Immuno,1,True,1.0,allowed,0.0,0.16,False,False
190,18|3|2|4|0|2|0|0|0,Chemo,2,True,1.0,ECOG/perf_status > 2,0.16666666666666666,0.16,True,True
190,18|3|2|4|0|2|0|0|0,Surgery,3,True,1.0,not first-line month,0.16666666666666666,0.16,True,True
191,24|3|2|4|0|2|0|0|0,Targeted,0,True,1.0,EGFR/ALK not eligible,0.5,0.16,True,True
191,24|3|2|4|0|2|0|0|0,Immuno,1,True,1.0,allowed,0.0,0.16,False,False
191,24|3|2|4|0|2|0|0|0,Chemo,2,True,1.0,ECOG/perf_status > 2,0.16666666666666666,0.16,True,True
191,24|3|2|4|0|2|0|0|0,Surgery,3,True,1.0,not first-line month,0.16666666666666666,0.16,True,True
192,0|0|2|3|0|1|1|0|0,Targeted,0,False,0.0,allowed,0.0,0.16,False,True
192,0|0|2|3|0|1|1|0|0,Immuno,1,False,0.0,allowed,0.0,0.16,False,True
192,0|0|2|3|0|1|1|0|0,Chemo,2,False,0.0,allowed,0.0,0.16,False,True
192,0|0|2|3|0|1|1|0|0,Surgery,3,True,1.0,allowed,0.0,0.16,False,False
193,6|0|2|3|0|1|1|0|0,Targeted,0,False,0.0,allowed,0.0,0.16,False,True
193,6|0|2|3|0|1|1|0|0,Immuno,1,False,0.0,allowed,0.0,0.16,False,True
193,6|0|2|3|0|1|1|0|0,Chemo,2,False,0.0,allowed,0.0,0.16,False,True
193,6|0|2|3|0|1|1|0|0,Surgery,3,True,1.0,not first-line month,0.6666666666666666,0.16,True,True
194,12|0|2|3|0|1|1|0|0,Targeted,0,False,0.0,allowed,0.0,0.16,False,True
194,12|0|2|3|0|1|1|0|0,Immuno,1,False,0.0,allowed,0.0,0.16,False,True
194,12|0|2|3|0|1|1|0|0,Chemo,2,False,0.0,allowed,0.0,0.16,False,True
194,12|0|2|3|0|1|1|0|0,Surgery,3,True,1.0,not first-line month,0.6666666666666666,0.16,True,True
195,18|0|2|4|0|1|1|0|0,Targeted,0,False,0.0,allowed,0.0,0.16,False,True
195,18|0|2|4|0|1|1|0|0,Immuno,1,False,0.0,allowed,0.0,0.16,False,True
195,18|0|2|4|0|1|1|0|0,Chemo,2,False,0.0,allowed,0.0,0.16,False,True
195,18|0|2|4|0|1|1|0|0,Surgery,3,True,1.0,not first-line month,0.6666666666666666,0.16,True,True
196,24|0|2|3|0|1|1|0|0,Targeted,0,False,0.0,allowed,0.0,0.16,False,True
196,24|0|2|3|0|1|1|0|0,Immuno,1,False,0.0,allowed,0.0,0.16,False,True
196,24|0|2|3|0|1|1|0|0,Chemo,2,False,0.0,allowed,0.0,0.16,False,True
196,24|0|2|3|0|1|1|0|0,Surgery,3,True,1.0,not first-line month,0.6666666666666666,0.16,True,True
197,0|3|2|2|0|1|0|0|0,Targeted,0,True,1.0,EGFR/ALK not eligible,0.6666666666666666,0.16,True,True
197,0|3|2|2|0|1|0|0|0,Immuno,1,True,1.0,allowed,0.0,0.16,False,False
197,0|3|2|2|0|1|0|0|0,Chemo,2,True,1.0,ECOG/perf_status > 2,0.0,0.16,False,False
197,0|3|2|2|0|1|0|0|0,Surgery,3,True,1.0,ECOG/perf_status > 2,0.16666666666666666,0.16,True,True
198,6|3|2|3|0|1|0|0|0,Targeted,0,True,1.0,EGFR/ALK not eligible,0.5,0.16,True,True
198,6|3|2|3|0|1|0|0|0,Immuno,1,True,1.0,allowed,0.0,0.16,False,False
198,6|3|2|3|0|1|0|0|0,Chemo,2,True,1.0,ECOG/perf_status > 2,0.16666666666666666,0.16,True,True
198,6|3|2|3|0|1|0|0|0,Surgery,3,True,1.0,not first-line month,0.0,0.16,False,False
199,12|3|2|3|0|1|0|0|0,Targeted,0,True,1.0,EGFR/ALK not eligible,0.5,0.16,True,True
199,12|3|2|3|0|1|0|0|0,Immuno,1,True,1.0,allowed,0.0,0.16,False,False
199,12|3|2|3|0|1|0|0|0,Chemo,2,True,1.0,ECOG/perf_status > 2,0.16666666666666666,0.16,True,True
199,12|3|2|3|0|1|0|0|0,Surgery,3,True,1.0,not first-line month,0.0,0.16,False,False
200,18|3|1|3|0|1|0|0|0,Targeted,0,True,1.0,EGFR/ALK not eligible,0.5,0.16,True,True
200,18|3|1|3|0|1|0|0|0,Immuno,1,True,1.0,allowed,0.0,0.16,False,False
200,18|3|1|3|0|1|0|0|0,Chemo,2,True,1.0,ECOG/perf_status > 2,0.16666666666666666,0.16,True,True
200,18|3|1|3|0|1|0|0|0,Surgery,3,True,1.0,not first-line month,0.0,0.16,False,False
201,24|3|2|3|0|1|0|0|0,Targeted,0,True,1.0,EGFR/ALK not eligible,0.5,0.16,True,True
201,24|3|2|3|0|1|0|0|0,Immuno,1,True,1.0,allowed,0.0,0.16,False,False
201,24|3|2|3|0|1|0|0|0,Chemo,2,True,1.0,ECOG/perf_status > 2,0.16666666666666666,0.16,True,True
201,24|3|2|3|0|1|0|0|0,Surgery,3,True,1.0,not first-line month,0.0,0.16,False,False
202,6|1|1|2|0|0|0|0|0,Targeted,0,True,1.0,EGFR/ALK not eligible,0.6666666666666666,0.16,True,True
202,6|1|1|2|0|0|0|0|0,Immuno,1,True,1.0,PD-L1 < 1%,0.6666666666666666,0.16,True,True
202,6|1|1|2|0|0|0|0|0,Chemo,2,False,0.0,allowed,0.0,0.16,False,True
202,6|1|1|2|0|0|0|0|0,Surgery,3,True,1.0,not first-line month,0.6666666666666666,0.16,True,True
203,12|1|1|2|0|0|0|0|0,Targeted,0,True,1.0,EGFR/ALK not eligible,0.5,0.16,True,True
203,12|1|1|2|0|0|0|0|0,Immuno,1,True,1.0,PD-L1 < 1%,0.5,0.16,True,True
203,12|1|1|2|0|0|0|0|0,Chemo,2,False,0.0,allowed,0.0,0.16,False,True
203,12|1|1|2|0|0|0|0|0,Surgery,3,True,1.0,not first-line month,0.3333333333333333,0.16,True,True
204,18|1|1|2|0|0|0|0|0,Targeted,0,True,1.0,EGFR/ALK not eligible,0.5,0.16,True,True
204,18|1|1|2|0|0|0|0|0,Immuno,1,True,1.0,PD-L1 < 1%,0.5,0.16,True,True
204,18|1|1|2|0|0|0|0|0,Chemo,2,False,0.0,allowed,0.0,0.16,False,True
204,18|1|1|2|0|0|0|0|0,Surgery,3,True,1.0,not first-line month,0.3333333333333333,0.16,True,True
205,24|1|1|2|0|0|0|0|0,Targeted,0,True,1.0,EGFR/ALK not eligible,0.5,0.16,True,True
205,24|1|1|2|0|0|0|0|0,Immuno,1,True,1.0,PD-L1 < 1%,0.5,0.16,True,True
205,24|1|1|2|0|0|0|0|0,Chemo,2,False,0.0,allowed,0.0,0.16,False,True
205,24|1|1|2|0|0|0|0|0,Surgery,3,True,1.0,not first-line month,0.3333333333333333,0.16,True,True
206,0|0|1|3|0|0|1|0|0,Targeted,0,False,0.0,allowed,0.0,0.16,False,True
206,0|0|1|3|0|0|1|0|0,Immuno,1,True,1.0,PD-L1 < 1%,0.3333333333333333,0.16,True,True
206,0|0|1|3|0|0|1|0|0,Chemo,2,False,0.0,allowed,0.0,0.16,False,True
206,0|0|1|3|0|0|1|0|0,Surgery,3,True,1.0,allowed,0.0,0.16,False,False
207,24|0|1|0|1|0|1|0|0,Targeted,0,False,0.0,allowed,0.0,0.16,False,True
207,24|0|1|0|1|0|1|0|0,Immuno,1,True,1.0,PD-L1 < 1%,0.3333333333333333,0.16,True,True
207,24|0|1|0|1|0|1|0|0,Chemo,2,False,0.0,allowed,0.0,0.16,False,True
207,24|0|1|0|1|0|1|0|0,Surgery,3,True,1.0,not first-line month,0.16666666666666666,0.16,True,True
208,0|3|2|3|0|0|0|0|0,Targeted,0,True,1.0,EGFR/ALK not eligible,0.8333333333333334,0.16,True,True
208,0|3|2|3|0|0|0|0|0,Immuno,1,True,1.0,PD-L1 < 1%,0.8333333333333334,0.16,True,True
208,0|3|2|3|0|0|0|0|0,Chemo,2,True,1.0,ECOG/perf_status > 2,0.0,0.16,False,False
208,0|3|2|3|0|0|0|0|0,Surgery,3,True,1.0,ECOG/perf_status > 2,0.3333333333333333,0.16,True,True
209,6|3|2|1|0|0|0|0|0,Targeted,0,True,1.0,EGFR/ALK not eligible,0.8333333333333334,0.16,True,True
209,6|3|2|1|0|0|0|0|0,Immuno,1,True,1.0,PD-L1 < 1%,0.8333333333333334,0.16,True,True
209,6|3|2|1|0|0|0|0|0,Chemo,2,True,1.0,ECOG/perf_status > 2,0.0,0.16,False,False
209,6|3|2|1|0|0|0|0|0,Surgery,3,True,1.0,not first-line month,0.3333333333333333,0.16,True,True
210,12|3|2|0|1|0|0|0|0,Targeted,0,True,1.0,EGFR/ALK not eligible,0.5,0.16,True,True
210,12|3|2|0|1|0|0|0|0,Immuno,1,True,1.0,PD-L1 < 1%,0.5,0.16,True,True
210,12|3|2|0|1|0|0|0|0,Chemo,2,True,1.0,ECOG/perf_status > 2,0.0,0.16,False,False
210,12|3|2|0|1|0|0|0|0,Surgery,3,True,1.0,not first-line month,0.5,0.16,True,True
211,18|3|2|0|1|0|0|0|0,Targeted,0,True,1.0,EGFR/ALK not eligible,0.5,0.16,True,True
211,18|3|2|0|1|0|0|0|0,Immuno,1,True,1.0,PD-L1 < 1%,0.5,0.16,True,True
211,18|3|2|0|1|0|0|0|0,Chemo,2,True,1.0,ECOG/perf_status > 2,0.0,0.16,False,False
211,18|3|2|0|1|0|0|0|0,Surgery,3,True,1.0,not first-line month,0.5,0.16,True,True
212,24|3|2|0|1|0|0|0|0,Targeted,0,True,1.0,EGFR/ALK not eligible,0.8333333333333334,0.16,True,True
212,24|3|2|0|1|0|0|0|0,Immuno,1,True,1.0,PD-L1 < 1%,0.8333333333333334,0.16,True,True
212,24|3|2|0|1|0|0|0|0,Chemo,2,True,1.0,ECOG/perf_status > 2,0.0,0.16,False,False
212,24|3|2|0|1|0|0|0|0,Surgery,3,True,1.0,not first-line month,0.6666666666666666,0.16,True,True
213,0|2|1|3|0|0|1|1|0,Targeted,0,False,0.0,allowed,0.0,0.16,False,True
213,0|2|1|3|0|0|1|1|0,Immuno,1,True,1.0,PD-L1 < 1%,0.8333333333333334,0.16,True,True
213,0|2|1|3|0|0|1|1|0,Chemo,2,False,0.0,allowed,0.0,0.16,False,True
213,0|2|1|3|0|0|1|1|0,Surgery,3,True,1.0,allowed,0.0,0.16,False,False
214,6|2|2|3|0|0|1|1|0,Targeted,0,False,0.0,allowed,0.0,0.16,False,True
214,6|2|2|3|0|0|1|1|0,Immuno,1,True,1.0,PD-L1 < 1%,0.8333333333333334,0.16,True,True
214,6|2|2|3|0|0|1|1|0,Chemo,2,False,0.0,allowed,0.0,0.16,False,True
214,6|2|2|3|0|0|1|1|0,Surgery,3,True,1.0,not first-line month,0.8333333333333334,0.16,True,True
215,12|2|2|3|0|0|1|1|0,Targeted,0,False,0.0,allowed,0.0,0.16,False,True
215,12|2|2|3|0|0|1|1|0,Immuno,1,True,1.0,PD-L1 < 1%,0.8333333333333334,0.16,True,True
215,12|2|2|3|0|0|1|1|0,Chemo,2,False,0.0,allowed,0.0,0.16,False,True
215,12|2|2|3|0|0|1|1|0,Surgery,3,True,1.0,not first-line month,0.8333333333333334,0.16,True,True
216,18|2|2|3|0|0|1|1|0,Targeted,0,False,0.0,allowed,0.0,0.16,False,True
216,18|2|2|3|0|0|1|1|0,Immuno,1,True,1.0,PD-L1 < 1%,0.8333333333333334,0.16,True,True
216,18|2|2|3|0|0|1|1|0,Chemo,2,False,0.0,allowed,0.0,0.16,False,True
216,18|2|2|3|0|0|1|1|0,Surgery,3,True,1.0,not first-line month,0.8333333333333334,0.16,True,True
217,24|2|2|3|0|0|1|1|0,Targeted,0,False,0.0,allowed,0.0,0.16,False,True
217,24|2|2|3|0|0|1|1|0,Immuno,1,True,1.0,PD-L1 < 1%,0.8333333333333334,0.16,True,True
217,24|2|2|3|0|0|1|1|0,Chemo,2,False,0.0,allowed,0.0,0.16,False,True
217,24|2|2|3|0|0|1|1|0,Surgery,3,True,1.0,not first-line month,0.8333333333333334,0.16,True,True
218,12|1|1|0|1|0|0|0|0,Targeted,0,True,1.0,EGFR/ALK not eligible,0.3333333333333333,0.16,True,True
218,12|1|1|0|1|0|0|0|0,Immuno,1,True,1.0,PD-L1 < 1%,0.3333333333333333,0.16,True,True
218,12|1|1|0|1|0|0|0|0,Chemo,2,False,0.0,allowed,0.0,0.16,False,True
218,12|1|1|0|1|0|0|0|0,Surgery,3,True,1.0,not first-line month,0.3333333333333333,0.16,True,True
219,18|1|1|0|1|0|0|0|0,Targeted,0,True,1.0,EGFR/ALK not eligible,0.3333333333333333,0.16,True,True
219,18|1|1|0|1|0|0|0|0,Immuno,1,True,1.0,PD-L1 < 1%,0.3333333333333333,0.16,True,True
219,18|1|1|0|1|0|0|0|0,Chemo,2,False,0.0,allowed,0.0,0.16,False,True
219,18|1|1|0|1|0|0|0|0,Surgery,3,True,1.0,not first-line month,0.3333333333333333,0.16,True,True
220,24|1|1|0|1|0|0|0|0,Targeted,0,True,1.0,EGFR/ALK not eligible,0.3333333333333333,0.16,True,True
220,24|1|1|0|1|0|0|0|0,Immuno,1,True,1.0,PD-L1 < 1%,0.3333333333333333,0.16,True,True
220,24|1|1|0|1|0|0|0|0,Chemo,2,False,0.0,allowed,0.0,0.16,False,True
220,24|1|1|0|1|0|0|0|0,Surgery,3,True,1.0,not first-line month,0.3333333333333333,0.16,True,True
221,6|3|2|2|0|0|0|0|0,Targeted,0,True,1.0,EGFR/ALK not eligible,0.8333333333333334,0.16,True,True
221,6|3|2|2|0|0|0|0|0,Immuno,1,True,1.0,PD-L1 < 1%,0.8333333333333334,0.16,True,True
221,6|3|2|2|0|0|0|0|0,Chemo,2,True,1.0,ECOG/perf_status > 2,0.0,0.16,False,False
221,6|3|2|2|0|0|0|0|0,Surgery,3,True,1.0,not first-line month,0.16666666666666666,0.16,True,True
222,0|1|2|2|0|2|0|0|0,Targeted,0,True,1.0,EGFR/ALK not eligible,0.3333333333333333,0.16,True,True
222,0|1|2|2|0|2|0|0|0,Immuno,1,False,0.0,allowed,0.0,0.16,False,True
222,0|1|2|2|0|2|0|0|0,Chemo,2,False,0.0,allowed,0.0,0.16,False,True
222,0|1|2|2|0|2|0|0|0,Surgery,3,True,1.0,allowed,0.0,0.16,False,False
223,6|1|2|3|0|2|0|0|0,Targeted,0,True,1.0,EGFR/ALK not eligible,0.3333333333333333,0.16,True,True
223,6|1|2|3|0|2|0|0|0,Immuno,1,False,0.0,allowed,0.0,0.16,False,True
223,6|1|2|3|0|2|0|0|0,Chemo,2,False,0.0,allowed,0.0,0.16,False,True
223,6|1|2|3|0|2|0|0|0,Surgery,3,True,1.0,not first-line month,0.16666666666666666,0.16,True,True
224,12|1|2|2|0|2|0|0|0,Targeted,0,True,1.0,EGFR/ALK not eligible,0.3333333333333333,0.16,True,True
224,12|1|2|2|0|2|0|0|0,Immuno,1,False,0.0,allowed,0.0,0.16,False,True
224,12|1|2|2|0|2|0|0|0,Chemo,2,False,0.0,allowed,0.0,0.16,False,True
224,12|1|2|2|0|2|0|0|0,Surgery,3,True,1.0,not first-line month,0.16666666666666666,0.16,True,True
225,18|1|2|2|0|2|0|0|0,Targeted,0,True,1.0,EGFR/ALK not eligible,0.3333333333333333,0.16,True,True
225,18|1|2|2|0|2|0|0|0,Immuno,1,False,0.0,allowed,0.0,0.16,False,True
225,18|1|2|2|0|2|0|0|0,Chemo,2,False,0.0,allowed,0.0,0.16,False,True
225,18|1|2|2|0|2|0|0|0,Surgery,3,True,1.0,not first-line month,0.16666666666666666,0.16,True,True
226,24|1|2|2|0|2|0|0|0,Targeted,0,True,1.0,EGFR/ALK not eligible,0.3333333333333333,0.16,True,True
226,24|1|2|2|0|2|0|0|0,Immuno,1,False,0.0,allowed,0.0,0.16,False,True
226,24|1|2|2|0|2|0|0|0,Chemo,2,False,0.0,allowed,0.0,0.16,False,True
226,24|1|2|2|0|2|0|0|0,Surgery,3,True,1.0,not first-line month,0.16666666666666666,0.16,True,True
227,6|3|2|3|0|2|0|0|0,Targeted,0,True,1.0,EGFR/ALK not eligible,0.6666666666666666,0.16,True,True
227,6|3|2|3|0|2|0|0|0,Immuno,1,True,1.0,allowed,0.0,0.16,False,False
227,6|3|2|3|0|2|0|0|0,Chemo,2,True,1.0,ECOG/perf_status > 2,0.0,0.16,False,False
227,6|3|2|3|0|2|0|0|0,Surgery,3,True,1.0,not first-line month,0.3333333333333333,0.16,True,True
228,12|3|1|3|0|2|0|0|0,Targeted,0,True,1.0,EGFR/ALK not eligible,0.6666666666666666,0.16,True,True
228,12|3|1|3|0|2|0|0|0,Immuno,1,True,1.0,allowed,0.0,0.16,False,False
228,12|3|1|3|0|2|0|0|0,Chemo,2,True,1.0,ECOG/perf_status > 2,0.16666666666666666,0.16,True,True
228,12|3|1|3|0|2|0|0|0,Surgery,3,True,1.0,not first-line month,0.3333333333333333,0.16,True,True
229,18|3|1|3|0|2|0|0|0,Targeted,0,True,1.0,EGFR/ALK not eligible,0.6666666666666666,0.16,True,True
229,18|3|1|3|0|2|0|0|0,Immuno,1,True,1.0,allowed,0.0,0.16,False,False
229,18|3|1|3|0|2|0|0|0,Chemo,2,True,1.0,ECOG/perf_status > 2,0.16666666666666666,0.16,True,True
229,18|3|1|3|0|2|0|0|0,Surgery,3,True,1.0,not first-line month,0.3333333333333333,0.16,True,True
230,24|3|1|4|0|2|0|0|0,Targeted,0,True,1.0,EGFR/ALK not eligible,0.6666666666666666,0.16,True,True
230,24|3|1|4|0|2|0|0|0,Immuno,1,True,1.0,allowed,0.0,0.16,False,False
230,24|3|1|4|0|2|0|0|0,Chemo,2,True,1.0,ECOG/perf_status > 2,0.16666666666666666,0.16,True,True
230,24|3|1|4|0|2|0|0|0,Surgery,3,True,1.0,not first-line month,0.3333333333333333,0.16,True,True
231,0|2|1|3|0|0|1|0|0,Targeted,0,False,0.0,allowed,0.0,0.16,False,True
231,0|2|1|3|0|0|1|0|0,Immuno,1,True,1.0,PD-L1 < 1%,0.6666666666666666,0.16,True,True
231,0|2|1|3|0|0|1|0|0,Chemo,2,False,0.0,allowed,0.0,0.16,False,True
231,0|2|1|3|0|0|1|0|0,Surgery,3,True,1.0,allowed,0.0,0.16,False,False
232,12|2|1|4|0|0|1|0|0,Targeted,0,False,0.0,allowed,0.0,0.16,False,True
232,12|2|1|4|0|0|1|0|0,Immuno,1,True,1.0,PD-L1 < 1%,0.6666666666666666,0.16,True,True
232,12|2|1|4|0|0|1|0|0,Chemo,2,False,0.0,allowed,0.0,0.16,False,True
232,12|2|1|4|0|0|1|0|0,Surgery,3,True,1.0,not first-line month,0.6666666666666666,0.16,True,True
233,18|2|1|4|0|0|1|0|0,Targeted,0,False,0.0,allowed,0.0,0.16,False,True
233,18|2|1|4|0|0|1|0|0,Immuno,1,True,1.0,PD-L1 < 1%,0.6666666666666666,0.16,True,True
233,18|2|1|4|0|0|1|0|0,Chemo,2,False,0.0,allowed,0.0,0.16,False,True
233,18|2|1|4|0|0|1|0|0,Surgery,3,True,1.0,not first-line month,0.6666666666666666,0.16,True,True
234,24|2|1|4|0|0|1|0|0,Targeted,0,False,0.0,allowed,0.0,0.16,False,True
234,24|2|1|4|0|0|1|0|0,Immuno,1,True,1.0,PD-L1 < 1%,0.6666666666666666,0.16,True,True
234,24|2|1|4|0|0|1|0|0,Chemo,2,False,0.0,allowed,0.0,0.16,False,True
234,24|2|1|4|0|0|1|0|0,Surgery,3,True,1.0,not first-line month,0.6666666666666666,0.16,True,True
235,0|3|1|3|0|0|0|0|0,Targeted,0,True,1.0,EGFR/ALK not eligible,0.6666666666666666,0.16,True,True
235,0|3|1|3|0|0|0|0|0,Immuno,1,True,1.0,PD-L1 < 1%,0.6666666666666666,0.16,True,True
235,0|3|1|3|0|0|0|0|0,Chemo,2,True,1.0,ECOG/perf_status > 2,0.0,0.16,False,False
235,0|3|1|3|0|0|0|0|0,Surgery,3,True,1.0,ECOG/perf_status > 2,0.3333333333333333,0.16,True,True
236,6|3|1|1|0|0|0|0|0,Targeted,0,True,1.0,EGFR/ALK not eligible,0.6666666666666666,0.16,True,True
236,6|3|1|1|0|0|0|0|0,Immuno,1,True,1.0,PD-L1 < 1%,0.6666666666666666,0.16,True,True
236,6|3|1|1|0|0|0|0|0,Chemo,2,True,1.0,ECOG/perf_status > 2,0.0,0.16,False,False
236,6|3|1|1|0|0|0|0|0,Surgery,3,True,1.0,not first-line month,0.3333333333333333,0.16,True,True
237,12|3|1|2|0|0|0|0|0,Targeted,0,True,1.0,EGFR/ALK not eligible,0.6666666666666666,0.16,True,True
237,12|3|1|2|0|0|0|0|0,Immuno,1,True,1.0,PD-L1 < 1%,0.6666666666666666,0.16,True,True
237,12|3|1|2|0|0|0|0|0,Chemo,2,True,1.0,ECOG/perf_status > 2,0.0,0.16,False,False
237,12|3|1|2|0|0|0|0|0,Surgery,3,True,1.0,not first-line month,0.3333333333333333,0.16,True,True
238,18|0|1|3|0|0|0|0|0,Targeted,0,True,1.0,EGFR/ALK not eligible,0.8333333333333334,0.16,True,True
238,18|0|1|3|0|0|0|0|0,Immuno,1,True,1.0,PD-L1 < 1%,0.16666666666666666,0.16,True,True
238,18|0|1|3|0|0|0|0|0,Chemo,2,False,0.0,allowed,0.0,0.16,False,True
238,18|0|1|3|0|0|0|0|0,Surgery,3,True,0.5,not first-line month,0.3333333333333333,0.16,True,True
239,24|0|1|3|0|0|0|0|0,Targeted,0,True,1.0,EGFR/ALK not eligible,0.8333333333333334,0.16,True,True
239,24|0|1|3|0|0|0|0|0,Immuno,1,True,1.0,PD-L1 < 1%,0.16666666666666666,0.16,True,True
239,24|0|1|3|0|0|0|0|0,Chemo,2,False,0.0,allowed,0.0,0.16,False,True
239,24|0|1|3|0|0|0|0|0,Surgery,3,True,0.5,not first-line month,0.3333333333333333,0.16,True,True
240,0|1|2|1|0|0|0|0|0,Targeted,0,True,1.0,EGFR/ALK not eligible,0.8333333333333334,0.16,True,True
240,0|1|2|1|0|0|0|0|0,Immuno,1,True,1.0,PD-L1 < 1%,0.8333333333333334,0.16,True,True
240,0|1|2|1|0|0|0|0|0,Chemo,2,False,0.0,allowed,0.0,0.16,False,True
240,0|1|2|1|0|0|0|0|0,Surgery,3,False,0.0,allowed,0.0,0.16,False,True
241,6|1|2|1|0|0|0|0|0,Targeted,0,True,1.0,EGFR/ALK not eligible,0.8333333333333334,0.16,True,True
241,6|1|2|1|0|0|0|0|0,Immuno,1,True,1.0,PD-L1 < 1%,0.8333333333333334,0.16,True,True
241,6|1|2|1|0|0|0|0|0,Chemo,2,False,0.0,allowed,0.0,0.16,False,True
241,6|1|2|1|0|0|0|0|0,Surgery,3,False,0.0,allowed,0.0,0.16,False,True
242,18|1|2|3|0|0|0|0|0,Targeted,0,True,1.0,EGFR/ALK not eligible,0.8333333333333334,0.16,True,True
242,18|1|2|3|0|0|0|0|0,Immuno,1,True,1.0,PD-L1 < 1%,0.8333333333333334,0.16,True,True
242,18|1|2|3|0|0|0|0|0,Chemo,2,False,0.0,allowed,0.0,0.16,False,True
242,18|1|2|3|0|0|0|0|0,Surgery,3,False,0.0,allowed,0.0,0.16,False,True
243,24|1|2|3|0|0|0|0|0,Targeted,0,True,1.0,EGFR/ALK not eligible,0.8333333333333334,0.16,True,True
243,24|1|2|3|0|0|0|0|0,Immuno,1,True,1.0,PD-L1 < 1%,0.8333333333333334,0.16,True,True
243,24|1|2|3|0|0|0|0|0,Chemo,2,False,0.0,allowed,0.0,0.16,False,True
243,24|1|2|3|0|0|0|0|0,Surgery,3,False,0.0,allowed,0.0,0.16,False,True
244,0|3|2|3|0|1|0|0|0,Targeted,0,True,1.0,EGFR/ALK not eligible,0.5,0.16,True,True
244,0|3|2|3|0|1|0|0|0,Immuno,1,True,1.0,allowed,0.0,0.16,False,False
244,0|3|2|3|0|1|0|0|0,Chemo,2,True,1.0,ECOG/perf_status > 2,0.0,0.16,False,False
244,0|3|2|3|0|1|0|0|0,Surgery,3,True,1.0,ECOG/perf_status > 2,0.16666666666666666,0.16,True,True
245,6|3|1|1|0|1|0|0|0,Targeted,0,True,1.0,EGFR/ALK not eligible,0.5,0.16,True,True
245,6|3|1|1|0|1|0|0|0,Immuno,1,True,1.0,allowed,0.0,0.16,False,False
245,6|3|1|1|0|1|0|0|0,Chemo,2,True,1.0,ECOG/perf_status > 2,0.0,0.16,False,False
245,6|3|1|1|0|1|0|0|0,Surgery,3,True,1.0,not first-line month,0.16666666666666666,0.16,True,True
246,12|3|1|2|0|1|0|0|0,Targeted,0,True,1.0,EGFR/ALK not eligible,0.8333333333333334,0.16,True,True
246,12|3|1|2|0|1|0|0|0,Immuno,1,True,1.0,allowed,0.0,0.16,False,False
246,12|3|1|2|0|1|0|0|0,Chemo,2,True,1.0,ECOG/perf_status > 2,0.0,0.16,False,False
246,12|3|1|2|0|1|0|0|0,Surgery,3,True,1.0,not first-line month,0.3333333333333333,0.16,True,True
247,18|3|2|2|0|1|0|0|0,Targeted,0,True,1.0,EGFR/ALK not eligible,0.8333333333333334,0.16,True,True
247,18|3|2|2|0|1|0|0|0,Immuno,1,True,1.0,allowed,0.0,0.16,False,False
247,18|3|2|2|0|1|0|0|0,Chemo,2,True,1.0,ECOG/perf_status > 2,0.0,0.16,False,False
247,18|3|2|2|0|1|0|0|0,Surgery,3,True,1.0,not first-line month,0.3333333333333333,0.16,True,True
248,24|3|1|2|0|1|0|0|0,Targeted,0,True,1.0,EGFR/ALK not eligible,0.8333333333333334,0.16,True,True
248,24|3|1|2|0|1|0|0|0,Immuno,1,True,1.0,allowed,0.0,0.16,False,False
248,24|3|1|2|0|1|0|0|0,Chemo,2,True,1.0,ECOG/perf_status > 2,0.0,0.16,False,False
248,24|3|1|2|0|1|0|0|0,Surgery,3,True,1.0,not first-line month,0.3333333333333333,0.16,True,True
249,0|2|1|2|0|0|0|0|0,Targeted,0,True,1.0,EGFR/ALK not eligible,0.6666666666666666,0.16,True,True
249,0|2|1|2|0|0|0|0|0,Immuno,1,True,1.0,PD-L1 < 1%,0.6666666666666666,0.16,True,True
249,0|2|1|2|0|0|0|0|0,Chemo,2,False,0.0,allowed,0.0,0.16,False,True
249,0|2|1|2|0|0|0|0|0,Surgery,3,True,1.0,allowed,0.0,0.16,False,False
250,6|2|1|2|0|0|0|0|0,Targeted,0,True,1.0,EGFR/ALK not eligible,0.6666666666666666,0.16,True,True
250,6|2|1|2|0|0|0|0|0,Immuno,1,True,1.0,PD-L1 < 1%,0.6666666666666666,0.16,True,True
250,6|2|1|2|0|0|0|0|0,Chemo,2,False,0.0,allowed,0.0,0.16,False,True
250,6|2|1|2|0|0|0|0|0,Surgery,3,True,1.0,not first-line month,0.6666666666666666,0.16,True,True
251,18|2|1|2|0|0|0|0|0,Targeted,0,True,1.0,EGFR/ALK not eligible,0.6666666666666666,0.16,True,True
251,18|2|1|2|0|0|0|0|0,Immuno,1,True,1.0,PD-L1 < 1%,0.6666666666666666,0.16,True,True
251,18|2|1|2|0|0|0|0|0,Chemo,2,False,0.0,allowed,0.0,0.16,False,True
251,18|2|1|2|0|0|0|0|0,Surgery,3,True,1.0,not first-line month,0.6666666666666666,0.16,True,True
252,24|2|1|2|0|0|0|0|0,Targeted,0,True,1.0,EGFR/ALK not eligible,0.6666666666666666,0.16,True,True
252,24|2|1|2|0|0|0|0|0,Immuno,1,True,1.0,PD-L1 < 1%,0.6666666666666666,0.16,True,True
252,24|2|1|2|0|0|0|0|0,Chemo,2,False,0.0,allowed,0.0,0.16,False,True
252,24|2|1|2|0|0|0|0|0,Surgery,3,True,1.0,not first-line month,0.6666666666666666,0.16,True,True
253,0|3|1|3|0|1|0|0|0,Targeted,0,True,1.0,EGFR/ALK not eligible,0.5,0.16,True,True
253,0|3|1|3|0|1|0|0|0,Immuno,1,True,1.0,allowed,0.0,0.16,False,False
253,0|3|1|3|0|1|0|0|0,Chemo,2,True,1.0,ECOG/perf_status > 2,0.0,0.16,False,False
253,0|3|1|3|0|1|0|0|0,Surgery,3,True,1.0,ECOG/perf_status > 2,0.3333333333333333,0.16,True,True
254,6|3|1|2|0|1|0|0|0,Targeted,0,True,1.0,EGFR/ALK not eligible,0.5,0.16,True,True
254,6|3|1|2|0|1|0|0|0,Immuno,1,True,1.0,allowed,0.0,0.16,False,False
254,6|3|1|2|0|1|0|0|0,Chemo,2,True,1.0,ECOG/perf_status > 2,0.0,0.16,False,False
254,6|3|1|2|0|1|0|0|0,Surgery,3,True,1.0,not first-line month,0.3333333333333333,0.16,True,True
255,18|3|1|2|0|1|0|0|0,Targeted,0,True,1.0,EGFR/ALK not eligible,0.5,0.16,True,True
255,18|3|1|2|0|1|0|0|0,Immuno,1,True,1.0,allowed,0.0,0.16,False,False
255,18|3|1|2|0|1|0|0|0,Chemo,2,True,1.0,ECOG/perf_status > 2,0.0,0.16,False,False
255,18|3|1|2|0|1|0|0|0,Surgery,3,True,1.0,not first-line month,0.3333333333333333,0.16,True,True
256,12|3|1|2|0|2|0|0|0,Targeted,0,True,1.0,EGFR/ALK not eligible,0.5,0.16,True,True
256,12|3|1|2|0|2|0|0|0,Immuno,1,True,1.0,allowed,0.0,0.16,False,False
256,12|3|1|2|0|2|0|0|0,Chemo,2,True,1.0,ECOG/perf_status > 2,0.0,0.16,False,False
256,12|3|1|2|0|2|0|0|0,Surgery,3,True,1.0,not first-line month,0.3333333333333333,0.16,True,True
257,18|3|1|2|0|2|0|0|0,Targeted,0,True,1.0,EGFR/ALK not eligible,0.5,0.16,True,True
257,18|3|1|2|0|2|0|0|0,Immuno,1,True,1.0,allowed,0.0,0.16,False,False
257,18|3|1|2|0|2|0|0|0,Chemo,2,True,1.0,ECOG/perf_status > 2,0.0,0.16,False,False
257,18|3|1|2|0|2|0|0|0,Surgery,3,True,1.0,not first-line month,0.3333333333333333,0.16,True,True
258,24|3|1|2|0|2|0|0|0,Targeted,0,True,1.0,EGFR/ALK not eligible,0.5,0.16,True,True
258,24|3|1|2|0|2|0|0|0,Immuno,1,True,1.0,allowed,0.0,0.16,False,False
258,24|3|1|2|0|2|0|0|0,Chemo,2,True,1.0,ECOG/perf_status > 2,0.0,0.16,False,False
258,24|3|1|2|0|2|0|0|0,Surgery,3,True,1.0,not first-line month,0.3333333333333333,0.16,True,True
259,18|0|2|2|0|2|0|0|0,Targeted,0,True,1.0,EGFR/ALK not eligible,0.6666666666666666,0.16,True,True
259,18|0|2|2|0|2|0|0|0,Immuno,1,False,0.0,allowed,0.0,0.16,False,True
259,18|0|2|2|0|2|0|0|0,Chemo,2,False,0.0,allowed,0.0,0.16,False,True
259,18|0|2|2|0|2|0|0|0,Surgery,3,True,1.0,not first-line month,0.8333333333333334,0.16,True,True
260,6|2|2|1|0|0|0|0|0,Targeted,0,True,1.0,EGFR/ALK not eligible,0.16666666666666666,0.16,True,True
260,6|2|2|1|0|0|0|0|0,Immuno,1,True,1.0,PD-L1 < 1%,0.16666666666666666,0.16,True,True
260,6|2|2|1|0|0|0|0|0,Chemo,2,False,0.0,allowed,0.0,0.16,False,True
260,6|2|2|1|0|0|0|0|0,Surgery,3,True,1.0,not first-line month,0.16666666666666666,0.16,True,True
261,18|2|2|4|0|0|0|0|0,Targeted,0,True,1.0,EGFR/ALK not eligible,0.16666666666666666,0.16,True,True
261,18|2|2|4|0|0|0|0|0,Immuno,1,True,1.0,PD-L1 < 1%,0.0,0.16,False,False
261,18|2|2|4|0|0|0|0|0,Chemo,2,False,0.0,allowed,0.0,0.16,False,True
261,18|2|2|4|0|0|0|0|0,Surgery,3,True,1.0,not first-line month,0.16666666666666666,0.16,True,True
262,6|3|2|1|0|1|0|0|0,Targeted,0,True,1.0,EGFR/ALK not eligible,0.5,0.16,True,True
262,6|3|2|1|0|1|0|0|0,Immuno,1,True,1.0,allowed,0.0,0.16,False,False
262,6|3|2|1|0|1|0|0|0,Chemo,2,True,1.0,ECOG/perf_status > 2,0.0,0.16,False,False
262,6|3|2|1|0|1|0|0|0,Surgery,3,True,1.0,not first-line month,0.16666666666666666,0.16,True,True
263,24|3|2|0|1|2|0|0|0,Targeted,0,True,1.0,EGFR/ALK not eligible,0.16666666666666666,0.16,True,True
263,24|3|2|0|1|2|0|0|0,Immuno,1,True,1.0,allowed,0.0,0.16,False,False
263,24|3|2|0|1|2|0|0|0,Chemo,2,True,1.0,ECOG/perf_status > 2,0.0,0.16,False,False
263,24|3|2|0|1|2|0|0|0,Surgery,3,True,1.0,not first-line month,0.16666666666666666,0.16,True,True
264,0|0|2|1|0|1|0|0|0,Targeted,0,True,1.0,EGFR/ALK not eligible,0.6666666666666666,0.16,True,True
264,0|0|2|1|0|1|0|0|0,Immuno,1,False,0.0,allowed,0.0,0.16,False,True
264,0|0|2|1|0|1|0|0|0,Chemo,2,False,0.0,allowed,0.0,0.16,False,True
264,0|0|2|1|0|1|0|0|0,Surgery,3,False,0.0,allowed,0.0,0.16,False,True
265,6|0|1|1|0|1|0|0|0,Targeted,0,True,1.0,EGFR/ALK not eligible,0.6666666666666666,0.16,True,True
265,6|0|1|1|0|1|0|0|0,Immuno,1,False,0.0,allowed,0.0,0.16,False,True
265,6|0|1|1|0|1|0|0|0,Chemo,2,False,0.0,allowed,0.0,0.16,False,True
265,6|0|1|1|0|1|0|0|0,Surgery,3,False,0.0,allowed,0.0,0.16,False,True
266,12|0|2|3|0|1|0|0|0,Targeted,0,True,1.0,EGFR/ALK not eligible,0.6666666666666666,0.16,True,True
266,12|0|2|3|0|1|0|0|0,Immuno,1,False,0.0,allowed,0.0,0.16,False,True
266,12|0|2|3|0|1|0|0|0,Chemo,2,False,0.0,allowed,0.0,0.16,False,True
266,12|0|2|3|0|1|0|0|0,Surgery,3,False,0.0,allowed,0.0,0.16,False,True
267,18|0|1|3|0|1|0|0|0,Targeted,0,True,1.0,EGFR/ALK not eligible,0.6666666666666666,0.16,True,True
267,18|0|1|3|0|1|0|0|0,Immuno,1,False,0.0,allowed,0.0,0.16,False,True
267,18|0|1|3|0|1|0|0|0,Chemo,2,False,0.0,allowed,0.0,0.16,False,True
267,18|0|1|3|0|1|0|0|0,Surgery,3,False,0.0,allowed,0.0,0.16,False,True
268,24|0|1|0|1|1|0|0|0,Targeted,0,True,1.0,EGFR/ALK not eligible,0.6666666666666666,0.16,True,True
268,24|0|1|0|1|1|0|0|0,Immuno,1,False,0.0,allowed,0.0,0.16,False,True
268,24|0|1|0|1|1|0|0|0,Chemo,2,False,0.0,allowed,0.0,0.16,False,True
268,24|0|1|0|1|1|0|0|0,Surgery,3,False,0.0,allowed,0.0,0.16,False,True
269,12|2|1|3|0|0|0|0|0,Targeted,0,True,1.0,EGFR/ALK not eligible,0.5,0.16,True,True
269,12|2|1|3|0|0|0|0|0,Immuno,1,True,1.0,PD-L1 < 1%,0.0,0.16,False,False
269,12|2|1|3|0|0|0|0|0,Chemo,2,False,0.0,allowed,0.0,0.16,False,True
269,12|2|1|3|0|0|0|0|0,Surgery,3,True,1.0,not first-line month,0.5,0.16,True,True
270,18|2|1|3|0|0|0|0|0,Targeted,0,True,1.0,EGFR/ALK not eligible,0.5,0.16,True,True
270,18|2|1|3|0|0|0|0|0,Immuno,1,True,1.0,PD-L1 < 1%,0.0,0.16,False,False
270,18|2|1|3|0|0|0|0|0,Chemo,2,False,0.0,allowed,0.0,0.16,False,True
270,18|2|1|3|0|0|0|0|0,Surgery,3,True,1.0,not first-line month,0.5,0.16,True,True
271,0|1|3|3|0|0|0|0|0,Targeted,0,True,1.0,EGFR/ALK not eligible,0.5,0.16,True,True
271,0|1|3|3|0|0|0|0|0,Immuno,1,True,1.0,PD-L1 < 1%,0.5,0.16,True,True
271,0|1|3|3|0|0|0|0|0,Chemo,2,False,0.0,allowed,0.0,0.16,False,True
271,0|1|3|3|0|0|0|0|0,Surgery,3,True,1.0,allowed,0.0,0.16,False,False
272,6|1|3|3|0|0|0|0|0,Targeted,0,True,1.0,EGFR/ALK not eligible,0.5,0.16,True,True
272,6|1|3|3|0|0|0|0|0,Immuno,1,True,1.0,PD-L1 < 1%,0.5,0.16,True,True
272,6|1|3|3|0|0|0|0|0,Chemo,2,False,0.0,allowed,0.0,0.16,False,True
272,6|1|3|3|0|0|0|0|0,Surgery,3,True,1.0,not first-line month,0.6666666666666666,0.16,True,True
273,18|1|3|2|0|0|0|0|0,Targeted,0,True,1.0,EGFR/ALK not eligible,0.5,0.16,True,True
273,18|1|3|2|0|0|0|0|0,Immuno,1,True,1.0,PD-L1 < 1%,0.5,0.16,True,True
273,18|1|3|2|0|0|0|0|0,Chemo,2,False,0.0,allowed,0.0,0.16,False,True
273,18|1|3|2|0|0|0|0|0,Surgery,3,True,1.0,not first-line month,0.6666666666666666,0.16,True,True
274,24|1|2|0|1|0|0|0|0,Targeted,0,True,1.0,EGFR/ALK not eligible,0.5,0.16,True,True
274,24|1|2|0|1|0|0|0|0,Immuno,1,True,1.0,PD-L1 < 1%,0.5,0.16,True,True
274,24|1|2|0|1|0|0|0|0,Chemo,2,False,0.0,allowed,0.0,0.16,False,True
274,24|1|2|0|1|0|0|0|0,Surgery,3,True,1.0,not first-line month,0.5,0.16,True,True
275,0|3|1|3|0|2|0|0|0,Targeted,0,True,1.0,EGFR/ALK not eligible,0.3333333333333333,0.16,True,True
275,0|3|1|3|0|2|0|0|0,Immuno,1,True,1.0,allowed,0.0,0.16,False,False
275,0|3|1|3|0|2|0|0|0,Chemo,2,True,1.0,ECOG/perf_status > 2,0.0,0.16,False,False
275,0|3|1|3|0|2|0|0|0,Surgery,3,True,1.0,ECOG/perf_status > 2,0.16666666666666666,0.16,True,True
276,24|3|1|3|0|2|0|0|0,Targeted,0,True,1.0,EGFR/ALK not eligible,0.3333333333333333,0.16,True,True
276,24|3|1|3|0|2|0|0|0,Immuno,1,True,1.0,allowed,0.0,0.16,False,False
276,24|3|1|3|0|2|0|0|0,Chemo,2,True,1.0,ECOG/perf_status > 2,0.16666666666666666,0.16,True,True
276,24|3|1|3|0|2|0|0|0,Surgery,3,True,1.0,not first-line month,0.16666666666666666,0.16,True,True
277,6|1|2|2|0|0|0|0|0,Targeted,0,True,1.0,EGFR/ALK not eligible,0.3333333333333333,0.16,True,True
277,6|1|2|2|0|0|0|0|0,Immuno,1,True,1.0,PD-L1 < 1%,0.3333333333333333,0.16,True,True
277,6|1|2|2|0|0|0|0|0,Chemo,2,False,0.0,allowed,0.0,0.16,False,True
277,6|1|2|2|0|0|0|0|0,Surgery,3,True,1.0,not first-line month,0.5,0.16,True,True
278,0|2|1|3|0|1|0|0|0,Targeted,0,True,1.0,EGFR/ALK not eligible,0.8333333333333334,0.16,True,True
278,0|2|1|3|0|1|0|0|0,Immuno,1,False,0.0,allowed,0.0,0.16,False,True
278,0|2|1|3|0|1|0|0|0,Chemo,2,False,0.0,allowed,0.0,0.16,False,True
278,0|2|1|3|0|1|0|0|0,Surgery,3,True,1.0,allowed,0.0,0.16,False,False
279,6|2|1|2|0|1|0|0|0,Targeted,0,True,1.0,EGFR/ALK not eligible,0.8333333333333334,0.16,True,True
279,6|2|1|2|0|1|0|0|0,Immuno,1,False,0.0,allowed,0.0,0.16,False,True
279,6|2|1|2|0|1|0|0|0,Chemo,2,False,0.0,allowed,0.0,0.16,False,True
279,6|2|1|2|0|1|0|0|0,Surgery,3,True,1.0,not first-line month,0.8333333333333334,0.16,True,True
280,12|2|1|1|0|1|0|0|0,Targeted,0,True,1.0,EGFR/ALK not eligible,0.8333333333333334,0.16,True,True
280,12|2|1|1|0|1|0|0|0,Immuno,1,False,0.0,allowed,0.0,0.16,False,True
280,12|2|1|1|0|1|0|0|0,Chemo,2,False,0.0,allowed,0.0,0.16,False,True
280,12|2|1|1|0|1|0|0|0,Surgery,3,True,1.0,not first-line month,0.8333333333333334,0.16,True,True
281,18|2|1|0|1|1|0|0|0,Targeted,0,True,1.0,EGFR/ALK not eligible,0.8333333333333334,0.16,True,True
281,18|2|1|0|1|1|0|0|0,Immuno,1,False,0.0,allowed,0.0,0.16,False,True
281,18|2|1|0|1|1|0|0|0,Chemo,2,False,0.0,allowed,0.0,0.16,False,True
281,18|2|1|0|1|1|0|0|0,Surgery,3,True,1.0,not first-line month,0.3333333333333333,0.16,True,True
282,24|2|1|0|1|1|0|0|0,Targeted,0,True,1.0,EGFR/ALK not eligible,0.8333333333333334,0.16,True,True
282,24|2|1|0|1|1|0|0|0,Immuno,1,False,0.0,allowed,0.0,0.16,False,True
282,24|2|1|0|1|1|0|0|0,Chemo,2,False,0.0,allowed,0.0,0.16,False,True
282,24|2|1|0|1|1|0|0|0,Surgery,3,True,1.0,not first-line month,0.3333333333333333,0.16,True,True
283,6|1|1|3|0|2|0|0|0,Targeted,0,True,1.0,EGFR/ALK not eligible,0.16666666666666666,0.16,True,True
283,6|1|1|3|0|2|0|0|0,Immuno,1,False,0.0,allowed,0.0,0.16,False,True
283,6|1|1|3|0|2|0|0|0,Chemo,2,False,0.0,allowed,0.0,0.16,False,True
283,6|1|1|3|0|2|0|0|0,Surgery,3,True,1.0,not first-line month,0.3333333333333333,0.16,True,True
284,18|3|2|2|0|2|0|0|0,Targeted,0,True,1.0,EGFR/ALK not eligible,0.6666666666666666,0.16,True,True
284,18|3|2|2|0|2|0|0|0,Immuno,1,True,1.0,allowed,0.0,0.16,False,False
284,18|3|2|2|0|2|0|0|0,Chemo,2,True,1.0,ECOG/perf_status > 2,0.0,0.16,False,False
284,18|3|2|2|0|2|0|0|0,Surgery,3,True,1.0,not first-line month,0.0,0.16,False,False
285,24|3|2|2|0|2|0|0|0,Targeted,0,True,1.0,EGFR/ALK not eligible,0.6666666666666666,0.16,True,True
285,24|3|2|2|0|2|0|0|0,Immuno,1,True,1.0,allowed,0.0,0.16,False,False
285,24|3|2|2|0|2|0|0|0,Chemo,2,True,1.0,ECOG/perf_status > 2,0.0,0.16,False,False
285,24|3|2|2|0|2|0|0|0,Surgery,3,True,1.0,not first-line month,0.0,0.16,False,False
286,6|3|1|2|0|0|1|0|0,Targeted,0,True,1.0,allowed,0.0,0.16,False,False
286,6|3|1|2|0|0|1|0|0,Immuno,1,True,1.0,PD-L1 < 1%,0.6666666666666666,0.16,True,True
286,6|3|1|2|0|0|1|0|0,Chemo,2,True,1.0,ECOG/perf_status > 2,0.0,0.16,False,False
286,6|3|1|2|0|0|1|0|0,Surgery,3,True,1.0,not first-line month,0.3333333333333333,0.16,True,True
287,12|3|1|4|0|0|1|0|0,Targeted,0,True,1.0,allowed,0.0,0.16,False,False
287,12|3|1|4|0|0|1|0|0,Immuno,1,True,1.0,PD-L1 < 1%,0.6666666666666666,0.16,True,True
287,12|3|1|4|0|0|1|0|0,Chemo,2,True,1.0,ECOG/perf_status > 2,0.16666666666666666,0.16,True,True
287,12|3|1|4|0|0|1|0|0,Surgery,3,True,1.0,not first-line month,0.3333333333333333,0.16,True,True
288,18|3|1|3|0|0|1|0|0,Targeted,0,True,1.0,allowed,0.0,0.16,False,False
288,18|3|1|3|0|0|1|0|0,Immuno,1,True,1.0,PD-L1 < 1%,0.6666666666666666,0.16,True,True
288,18|3|1|3|0|0|1|0|0,Chemo,2,True,1.0,ECOG/perf_status > 2,0.16666666666666666,0.16,True,True
288,18|3|1|3|0|0|1|0|0,Surgery,3,True,1.0,not first-line month,0.3333333333333333,0.16,True,True
289,24|3|1|0|1|0|1|0|0,Targeted,0,True,1.0,allowed,0.0,0.16,False,False
289,24|3|1|0|1|0|1|0|0,Immuno,1,True,1.0,PD-L1 < 1%,0.6666666666666666,0.16,True,True
289,24|3|1|0|1|0|1|0|0,Chemo,2,True,1.0,ECOG/perf_status > 2,0.16666666666666666,0.16,True,True
289,24|3|1|0|1|0|1|0|0,Surgery,3,True,1.0,not first-line month,0.6666666666666666,0.16,True,True
290,0|0|1|2|0|2|0|0|0,Targeted,0,True,1.0,EGFR/ALK not eligible,0.8333333333333334,0.16,True,True
290,0|0|1|2|0|2|0|0|0,Immuno,1,False,0.0,allowed,0.0,0.16,False,True
290,0|0|1|2|0|2|0|0|0,Chemo,2,False,0.0,allowed,0.0,0.16,False,True
290,0|0|1|2|0|2|0|0|0,Surgery,3,True,1.0,allowed,0.0,0.16,False,False
291,6|0|1|2|0|2|0|0|0,Targeted,0,True,1.0,EGFR/ALK not eligible,0.5,0.16,True,True
291,6|0|1|2|0|2|0|0|0,Immuno,1,False,0.0,allowed,0.0,0.16,False,True
291,6|0|1|2|0|2|0|0|0,Chemo,2,False,0.0,allowed,0.0,0.16,False,True
291,6|0|1|2|0|2|0|0|0,Surgery,3,True,1.0,not first-line month,0.6666666666666666,0.16,True,True
292,18|0|1|3|0|2|0|0|0,Targeted,0,True,1.0,EGFR/ALK not eligible,0.5,0.16,True,True
292,18|0|1|3|0|2|0|0|0,Immuno,1,False,0.0,allowed,0.0,0.16,False,True
292,18|0|1|3|0|2|0|0|0,Chemo,2,False,0.0,allowed,0.0,0.16,False,True
292,18|0|1|3|0|2|0|0|0,Surgery,3,True,1.0,not first-line month,0.6666666666666666,0.16,True,True
293,0|2|1|2|0|1|0|0|0,Targeted,0,True,1.0,EGFR/ALK not eligible,0.3333333333333333,0.16,True,True
293,0|2|1|2|0|1|0|0|0,Immuno,1,False,0.0,allowed,0.0,0.16,False,True
293,0|2|1|2|0|1|0|0|0,Chemo,2,False,0.0,allowed,0.0,0.16,False,True
293,0|2|1|2|0|1|0|0|0,Surgery,3,True,1.0,allowed,0.0,0.16,False,False
294,6|2|1|3|0|1|0|0|0,Targeted,0,True,1.0,EGFR/ALK not eligible,0.3333333333333333,0.16,True,True
294,6|2|1|3|0|1|0|0|0,Immuno,1,False,0.0,allowed,0.0,0.16,False,True
294,6|2|1|3|0|1|0|0|0,Chemo,2,False,0.0,allowed,0.0,0.16,False,True
294,6|2|1|3|0|1|0|0|0,Surgery,3,True,1.0,not first-line month,0.3333333333333333,0.16,True,True
295,12|2|1|3|0|1|0|0|0,Targeted,0,True,1.0,EGFR/ALK not eligible,0.3333333333333333,0.16,True,True
295,12|2|1|3|0|1|0|0|0,Immuno,1,False,0.0,allowed,0.0,0.16,False,True
295,12|2|1|3|0|1|0|0|0,Chemo,2,False,0.0,allowed,0.0,0.16,False,True
295,12|2|1|3|0|1|0|0|0,Surgery,3,True,1.0,not first-line month,0.3333333333333333,0.16,True,True
296,24|2|1|3|0|1|0|0|0,Targeted,0,True,1.0,EGFR/ALK not eligible,0.3333333333333333,0.16,True,True
296,24|2|1|3|0|1|0|0|0,Immuno,1,False,0.0,allowed,0.0,0.16,False,True
296,24|2|1|3|0|1|0|0|0,Chemo,2,False,0.0,allowed,0.0,0.16,False,True
296,24|2|1|3|0|1|0|0|0,Surgery,3,True,1.0,not first-line month,0.3333333333333333,0.16,True,True
297,12|3|1|0|1|0|0|0|0,Targeted,0,True,1.0,EGFR/ALK not eligible,0.5,0.16,True,True
297,12|3|1|0|1|0|0|0|0,Immuno,1,True,1.0,PD-L1 < 1%,0.5,0.16,True,True
297,12|3|1|0|1|0|0|0|0,Chemo,2,True,1.0,ECOG/perf_status > 2,0.0,0.16,False,False
297,12|3|1|0|1|0|0|0|0,Surgery,3,True,1.0,not first-line month,0.3333333333333333,0.16,True,True
298,18|0|2|2|0|0|0|0|0,Targeted,0,True,1.0,EGFR/ALK not eligible,0.8333333333333334,0.16,True,True
298,18|0|2|2|0|0|0|0|0,Immuno,1,True,1.0,PD-L1 < 1%,0.8333333333333334,0.16,True,True
298,18|0|2|2|0|0|0|0|0,Chemo,2,False,0.0,allowed,0.0,0.16,False,True
298,18|0|2|2|0|0|0|0|0,Surgery,3,True,1.0,not first-line month,0.8333333333333334,0.16,True,True
299,24|0|1|0|1|0|0|0|0,Targeted,0,True,1.0,EGFR/ALK not eligible,0.8333333333333334,0.16,True,True
299,24|0|1|0|1|0|0|0|0,Immuno,1,True,1.0,PD-L1 < 1%,0.8333333333333334,0.16,True,True
299,24|0|1|0|1|0|0|0|0,Chemo,2,False,0.0,allowed,0.0,0.16,False,True
299,24|0|1|0|1|0|0|0|0,Surgery,3,True,1.0,not first-line month,0.5,0.16,True,True
300,0|0|1|2|0|1|0|0|0,Targeted,0,True,1.0,EGFR/ALK not eligible,0.6666666666666666,0.16,True,True
300,0|0|1|2|0|1|0|0|0,Immuno,1,False,0.0,allowed,0.0,0.16,False,True
300,0|0|1|2|0|1|0|0|0,Chemo,2,False,0.0,allowed,0.0,0.16,False,True
300,0|0|1|2|0|1|0|0|0,Surgery,3,True,1.0,allowed,0.0,0.16,False,False
301,6|0|2|2|0|1|0|0|0,Targeted,0,True,1.0,EGFR/ALK not eligible,0.6666666666666666,0.16,True,True
301,6|0|2|2|0|1|0|0|0,Immuno,1,False,0.0,allowed,0.0,0.16,False,True
301,6|0|2|2|0|1|0|0|0,Chemo,2,False,0.0,allowed,0.0,0.16,False,True
301,6|0|2|2|0|1|0|0|0,Surgery,3,True,1.0,not first-line month,0.8333333333333334,0.16,True,True
302,12|0|1|2|0|1|0|0|0,Targeted,0,True,1.0,EGFR/ALK not eligible,0.6666666666666666,0.16,True,True
302,12|0|1|2|0|1|0|0|0,Immuno,1,False,0.0,allowed,0.0,0.16,False,True
302,12|0|1|2|0|1|0|0|0,Chemo,2,False,0.0,allowed,0.0,0.16,False,True
302,12|0|1|2|0|1|0|0|0,Surgery,3,True,1.0,not first-line month,0.8333333333333334,0.16,True,True
303,18|0|2|2|0|1|0|0|0,Targeted,0,True,1.0,EGFR/ALK not eligible,0.6666666666666666,0.16,True,True
303,18|0|2|2|0|1|0|0|0,Immuno,1,False,0.0,allowed,0.0,0.16,False,True
303,18|0|2|2|0|1|0|0|0,Chemo,2,False,0.0,allowed,0.0,0.16,False,True
303,18|0|2|2|0|1|0|0|0,Surgery,3,True,1.0,not first-line month,0.8333333333333334,0.16,True,True
304,24|0|1|2|0|1|0|0|0,Targeted,0,True,1.0,EGFR/ALK not eligible,0.6666666666666666,0.16,True,True
304,24|0|1|2|0|1|0|0|0,Immuno,1,False,0.0,allowed,0.0,0.16,False,True
304,24|0|1|2|0|1|0|0|0,Chemo,2,False,0.0,allowed,0.0,0.16,False,True
304,24|0|1|2|0|1|0|0|0,Surgery,3,True,1.0,not first-line month,0.8333333333333334,0.16,True,True
305,0|2|2|2|0|2|0|0|0,Targeted,0,True,1.0,EGFR/ALK not eligible,0.16666666666666666,0.16,True,True
305,0|2|2|2|0|2|0|0|0,Immuno,1,False,0.0,allowed,0.0,0.16,False,True
305,0|2|2|2|0|2|0|0|0,Chemo,2,False,0.0,allowed,0.0,0.16,False,True
305,0|2|2|2|0|2|0|0|0,Surgery,3,True,1.0,allowed,0.0,0.16,False,False
306,6|2|2|3|0|2|0|0|0,Targeted,0,True,1.0,EGFR/ALK not eligible,0.16666666666666666,0.16,True,True
306,6|2|2|3|0|2|0|0|0,Immuno,1,False,0.0,allowed,0.0,0.16,False,True
306,6|2|2|3|0|2|0|0|0,Chemo,2,False,0.0,allowed,0.0,0.16,False,True
306,6|2|2|3|0|2|0|0|0,Surgery,3,True,1.0,not first-line month,0.16666666666666666,0.16,True,True
307,12|2|2|3|0|2|0|0|0,Targeted,0,True,1.0,EGFR/ALK not eligible,0.16666666666666666,0.16,True,True
307,12|2|2|3|0|2|0|0|0,Immuno,1,False,0.0,allowed,0.0,0.16,False,True
307,12|2|2|3|0|2|0|0|0,Chemo,2,False,0.0,allowed,0.0,0.16,False,True
307,12|2|2|3|0|2|0|0|0,Surgery,3,True,1.0,not first-line month,0.16666666666666666,0.16,True,True
308,18|2|2|3|0|2|0|0|0,Targeted,0,True,1.0,EGFR/ALK not eligible,0.16666666666666666,0.16,True,True
308,18|2|2|3|0|2|0|0|0,Immuno,1,False,0.0,allowed,0.0,0.16,False,True
308,18|2|2|3|0|2|0|0|0,Chemo,2,False,0.0,allowed,0.0,0.16,False,True
308,18|2|2|3|0|2|0|0|0,Surgery,3,True,1.0,not first-line month,0.16666666666666666,0.16,True,True
309,24|2|2|0|1|2|0|0|0,Targeted,0,True,1.0,EGFR/ALK not eligible,0.16666666666666666,0.16,True,True
309,24|2|2|0|1|2|0|0|0,Immuno,1,False,0.0,allowed,0.0,0.16,False,True
309,24|2|2|0|1|2|0|0|0,Chemo,2,False,0.0,allowed,0.0,0.16,False,True
309,24|2|2|0|1|2|0|0|0,Surgery,3,True,1.0,not first-line month,0.0,0.16,False,False
310,0|1|1|3|0|1|0|0|0,Targeted,0,True,1.0,EGFR/ALK not eligible,0.3333333333333333,0.16,True,True
310,0|1|1|3|0|1|0|0|0,Immuno,1,False,0.0,allowed,0.0,0.16,False,True
310,0|1|1|3|0|1|0|0|0,Chemo,2,False,0.0,allowed,0.0,0.16,False,True
310,0|1|1|3|0|1|0|0|0,Surgery,3,True,1.0,allowed,0.0,0.16,False,False
311,6|1|1|2|0|1|0|0|0,Targeted,0,True,1.0,EGFR/ALK not eligible,0.3333333333333333,0.16,True,True
311,6|1|1|2|0|1|0|0|0,Immuno,1,False,0.0,allowed,0.0,0.16,False,True
311,6|1|1|2|0|1|0|0|0,Chemo,2,False,0.0,allowed,0.0,0.16,False,True
311,6|1|1|2|0|1|0|0|0,Surgery,3,True,1.0,not first-line month,0.3333333333333333,0.16,True,True
312,12|1|1|3|0|1|0|0|0,Targeted,0,True,1.0,EGFR/ALK not eligible,0.3333333333333333,0.16,True,True
312,12|1|1|3|0|1|0|0|0,Immuno,1,False,0.0,allowed,0.0,0.16,False,True
312,12|1|1|3|0|1|0|0|0,Chemo,2,False,0.0,allowed,0.0,0.16,False,True
312,12|1|1|3|0|1|0|0|0,Surgery,3,True,1.0,not first-line month,0.3333333333333333,0.16,True,True
313,18|1|1|3|0|1|0|0|0,Targeted,0,True,1.0,EGFR/ALK not eligible,0.3333333333333333,0.16,True,True
313,18|1|1|3|0|1|0|0|0,Immuno,1,False,0.0,allowed,0.0,0.16,False,True
313,18|1|1|3|0|1|0|0|0,Chemo,2,False,0.0,allowed,0.0,0.16,False,True
313,18|1|1|3|0|1|0|0|0,Surgery,3,True,1.0,not first-line month,0.3333333333333333,0.16,True,True
314,24|1|1|4|0|1|0|0|0,Targeted,0,True,1.0,EGFR/ALK not eligible,0.3333333333333333,0.16,True,True
314,24|1|1|4|0|1|0|0|0,Immuno,1,False,0.0,allowed,0.0,0.16,False,True
314,24|1|1|4|0|1|0|0|0,Chemo,2,False,0.0,allowed,0.0,0.16,False,True
314,24|1|1|4|0|1|0|0|0,Surgery,3,True,1.0,not first-line month,0.3333333333333333,0.16,True,True
315,0|3|1|3|0|2|1|0|0,Targeted,0,True,1.0,allowed,0.0,0.16,False,False
315,0|3|1|3|0|2|1|0|0,Immuno,1,True,1.0,allowed,0.0,0.16,False,False
315,0|3|1|3|0|2|1|0|0,Chemo,2,True,1.0,ECOG/perf_status > 2,0.0,0.16,False,False
315,0|3|1|3|0|2|1|0|0,Surgery,3,True,1.0,ECOG/perf_status > 2,0.16666666666666666,0.16,True,True
316,6|3|1|2|0|2|1|0|0,Targeted,0,True,1.0,allowed,0.0,0.16,False,False
316,6|3|1|2|0|2|1|0|0,Immuno,1,True,1.0,allowed,0.0,0.16,False,False
316,6|3|1|2|0|2|1|0|0,Chemo,2,True,1.0,ECOG/perf_status > 2,0.0,0.16,False,False
316,6|3|1|2|0|2|1|0|0,Surgery,3,True,1.0,not first-line month,0.16666666666666666,0.16,True,True
317,12|3|1|2|0|2|1|0|0,Targeted,0,True,1.0,allowed,0.0,0.16,False,False
317,12|3|1|2|0|2|1|0|0,Immuno,1,True,1.0,allowed,0.0,0.16,False,False
317,12|3|1|2|0|2|1|0|0,Chemo,2,True,1.0,ECOG/perf_status > 2,0.0,0.16,False,False
317,12|3|1|2|0|2|1|0|0,Surgery,3,True,1.0,not first-line month,0.16666666666666666,0.16,True,True
318,18|3|1|2|0|2|1|0|0,Targeted,0,True,1.0,allowed,0.0,0.16,False,False
318,18|3|1|2|0|2|1|0|0,Immuno,1,True,1.0,allowed,0.0,0.16,False,False
318,18|3|1|2|0|2|1|0|0,Chemo,2,True,1.0,ECOG/perf_status > 2,0.0,0.16,False,False
318,18|3|1|2|0|2|1|0|0,Surgery,3,True,1.0,not first-line month,0.16666666666666666,0.16,True,True
319,24|3|1|2|0|2|1|0|0,Targeted,0,True,1.0,allowed,0.0,0.16,False,False
319,24|3|1|2|0|2|1|0|0,Immuno,1,True,1.0,allowed,0.0,0.16,False,False
319,24|3|1|2|0|2|1|0|0,Chemo,2,True,1.0,ECOG/perf_status > 2,0.0,0.16,False,False
319,24|3|1|2|0|2|1|0|0,Surgery,3,True,1.0,not first-line month,0.16666666666666666,0.16,True,True
320,0|1|2|2|0|2|1|0|0,Targeted,0,False,0.0,allowed,0.0,0.16,False,True
320,0|1|2|2|0|2|1|0|0,Immuno,1,False,0.0,allowed,0.0,0.16,False,True
320,0|1|2|2|0|2|1|0|0,Chemo,2,False,0.0,allowed,0.0,0.16,False,True
320,0|1|2|2|0|2|1|0|0,Surgery,3,False,0.0,allowed,0.0,0.16,False,True
321,6|1|1|3|0|2|1|0|0,Targeted,0,False,0.0,allowed,0.0,0.16,False,True
321,6|1|1|3|0|2|1|0|0,Immuno,1,False,0.0,allowed,0.0,0.16,False,True
321,6|1|1|3|0|2|1|0|0,Chemo,2,False,0.0,allowed,0.0,0.16,False,True
321,6|1|1|3|0|2|1|0|0,Surgery,3,False,0.0,allowed,0.3333333333333333,0.16,True,False
322,12|1|2|3|0|2|1|0|0,Targeted,0,False,0.0,allowed,0.0,0.16,False,True
322,12|1|2|3|0|2|1|0|0,Immuno,1,False,0.0,allowed,0.0,0.16,False,True
322,12|1|2|3|0|2|1|0|0,Chemo,2,False,0.0,allowed,0.0,0.16,False,True
322,12|1|2|3|0|2|1|0|0,Surgery,3,False,0.0,allowed,0.3333333333333333,0.16,True,False
323,24|1|2|3|0|2|1|0|0,Targeted,0,False,0.0,allowed,0.0,0.16,False,True
323,24|1|2|3|0|2|1|0|0,Immuno,1,False,0.0,allowed,0.0,0.16,False,True
323,24|1|2|3|0|2|1|0|0,Chemo,2,False,0.0,allowed,0.0,0.16,False,True
323,24|1|2|3|0|2|1|0|0,Surgery,3,False,0.0,allowed,0.3333333333333333,0.16,True,False
324,18|3|2|0|1|1|0|0|0,Targeted,0,True,1.0,EGFR/ALK not eligible,0.0,0.16,False,False
324,18|3|2|0|1|1|0|0|0,Immuno,1,True,1.0,allowed,0.0,0.16,False,False
324,18|3|2|0|1|1|0|0|0,Chemo,2,True,1.0,ECOG/perf_status > 2,0.0,0.16,False,False
324,18|3|2|0|1|1|0|0|0,Surgery,3,True,1.0,not first-line month,0.0,0.16,False,False
325,24|3|2|0|1|1|0|0|0,Targeted,0,True,1.0,EGFR/ALK not eligible,0.0,0.16,False,False
325,24|3|2|0|1|1|0|0|0,Immuno,1,True,1.0,allowed,0.0,0.16,False,False
325,24|3|2|0|1|1|0|0|0,Chemo,2,True,1.0,ECOG/perf_status > 2,0.0,0.16,False,False
325,24|3|2|0|1|1|0|0|0,Surgery,3,True,1.0,not first-line month,0.0,0.16,False,False
326,6|0|2|2|0|2|0|0|0,Targeted,0,True,1.0,EGFR/ALK not eligible,0.5,0.16,True,True
326,6|0|2|2|0|2|0|0|0,Immuno,1,False,0.0,allowed,0.0,0.16,False,True
326,6|0|2|2|0|2|0|0|0,Chemo,2,False,0.0,allowed,0.0,0.16,False,True
326,6|0|2|2|0|2|0|0|0,Surgery,3,True,1.0,not first-line month,0.5,0.16,True,True
